{"mean":{"confidence_interval":{"confidence_level":0.95,"lower_bound":0.04133728140598166,"upper_bound":0.14078738645820077},"point_estimate":0.08959934476255516,"standard_error":0.025318837400342305},"median":{"confidence_interval":{"confidence_level":0.95,"lower_bound":0.04884345724903061,"upper_bound":0.11228640233677754},"point_estimate":0.08987214815026201,"standard_error":0.016435953349892733}}