{"mean":{"confidence_interval":{"confidence_level":0.95,"lower_bound":-0.147658235969779,"upper_bound":-0.04679942166400329},"point_estimate":-0.09901612388332282,"standard_error":0.025715106995773167},"median":{"confidence_interval":{"confidence_level":0.95,"lower_bound":-0.16966402243625456,"upper_bound":-0.038072341014096955},"point_estimate":-0.08971072183420203,"standard_error":0.029668798329358117}}