{"mean":{"confidence_interval":{"confidence_level":0.95,"lower_bound":1862374.913304347,"upper_bound":1968494.8326847828},"point_estimate":1914478.3604347832,"standard_error":27003.598692989537},"median":{"confidence_interval":{"confidence_level":0.95,"lower_bound":1777807.347826087,"upper_bound":1893607.0869565217},"point_estimate":1833009.847826087,"standard_error":31020.623636086984},"median_abs_dev":{"confidence_interval":{"confidence_level":0.95,"lower_bound":153255.26344439253,"upper_bound":311711.62860459887},"point_estimate":235750.51017546136,"standard_error":40682.989459329154},"slope":null,"std_dev":{"confidence_interval":{"confidence_level":0.95,"lower_bound":234442.18486844242,"upper_bound":303398.60191846924},"point_estimate":271677.92627423874,"standard_error":17641.64515352437}}