{"mean":{"confidence_interval":{"confidence_level":0.95,"lower_bound":-0.05349489106145647,"upper_bound":0.028043711562551324},"point_estimate":-0.01425687305501766,"standard_error":0.02070191509438813},"median":{"confidence_interval":{"confidence_level":0.95,"lower_bound":-0.07038932591573277,"upper_bound":-0.006161235327718284},"point_estimate":-0.04303116684211605,"standard_error":0.01605231444438164}}