{"mean":{"confidence_interval":{"confidence_level":0.95,"lower_bound":-0.10410010941003904,"upper_bound":-0.007387657145998893},"point_estimate":-0.056439760559811925,"standard_error":0.024616344480324407},"median":{"confidence_interval":{"confidence_level":0.95,"lower_bound":-0.15339742219064645,"upper_bound":0.018778809986889078},"point_estimate":-0.08605457748817524,"standard_error":0.04477295039307839}}