{"mean":{"confidence_interval":{"confidence_level":0.95,"lower_bound":0.008224670210898592,"upper_bound":0.10208112907836037},"point_estimate":0.055391639439875906,"standard_error":0.023929092760185063},"median":{"confidence_interval":{"confidence_level":0.95,"lower_bound":0.034216249959427576,"upper_bound":0.15547305368406736},"point_estimate":0.09484614100957978,"standard_error":0.03026755411001121}}