{"mean":{"confidence_interval":{"confidence_level":0.95,"lower_bound":9612667.497374997,"upper_bound":10327507.82229166},"point_estimate":9976603.458333332,"standard_error":182515.85310096986},"median":{"confidence_interval":{"confidence_level":0.95,"lower_bound":9984676.0,"upper_bound":10915151.083333332},"point_estimate":10541723.75,"standard_error":264045.0885439725},"median_abs_dev":{"confidence_interval":{"confidence_level":0.95,"lower_bound":1220787.5207766867,"upper_bound":2337499.4886010867},"point_estimate":1704247.928443551,"standard_error":307572.84996524226},"slope":null,"std_dev":{"confidence_interval":{"confidence_level":0.95,"lower_bound":1598887.6571983001,"upper_bound":2026566.0584105093},"point_estimate":1830475.9294959938,"standard_error":109094.15354629607}}