{"mean":{"confidence_interval":{"confidence_level":0.95,"lower_bound":-0.04167468752382888,"upper_bound":0.0157536314753207},"point_estimate":-0.012906409745055192,"standard_error":0.014609625768356543},"median":{"confidence_interval":{"confidence_level":0.95,"lower_bound":-0.01715008663681994,"upper_bound":0.02649355046023394},"point_estimate":0.005657417448952762,"standard_error":0.010704602495837073}}