{"mean":{"confidence_interval":{"confidence_level":0.95,"lower_bound":-0.041613066995297085,"upper_bound":0.0792502534819442},"point_estimate":0.017675899091766478,"standard_error":0.030920898554328523},"median":{"confidence_interval":{"confidence_level":0.95,"lower_bound":0.07965262848219834,"upper_bound":0.1498794323502508},"point_estimate":0.11291277096993402,"standard_error":0.017955495489082124}}