{"mean":{"confidence_interval":{"confidence_level":0.95,"lower_bound":760003.431514162,"upper_bound":779899.1921020723},"point_estimate":769796.4893416512,"standard_error":5079.8389727008935},"median":{"confidence_interval":{"confidence_level":0.95,"lower_bound":752158.5,"upper_bound":775783.6095890411},"point_estimate":759987.5390365449,"standard_error":6050.434499534772},"median_abs_dev":{"confidence_interval":{"confidence_level":0.95,"lower_bound":42292.079891943205,"upper_bound":70286.4228149516},"point_estimate":56335.639088251504,"standard_error":7273.768798478081},"slope":{"confidence_interval":{"confidence_level":0.95,"lower_bound":780938.8545924376,"upper_bound":810557.7057965577},"point_estimate":796111.4972351115,"standard_error":7571.311669298023},"std_dev":{"confidence_interval":{"confidence_level":0.95,"lower_bound":43574.26040797227,"upper_bound":57800.26100390186},"point_estimate":51017.327457875406,"standard_error":3636.4771022599894}}