{"mean":{"confidence_interval":{"confidence_level":0.95,"lower_bound":-0.04269493852480116,"upper_bound":0.019220716629705363},"point_estimate":-0.011301132417662063,"standard_error":0.015955357904393206},"median":{"confidence_interval":{"confidence_level":0.95,"lower_bound":-0.0231469621612419,"upper_bound":0.014102651065699204},"point_estimate":0.0007263905363019685,"standard_error":0.00929629564753916}}