{"mean":{"confidence_interval":{"confidence_level":0.95,"lower_bound":8180366.134916667,"upper_bound":9468072.83991667},"point_estimate":8810628.888333336,"standard_error":328515.4729943792},"median":{"confidence_interval":{"confidence_level":0.95,"lower_bound":6245623.0,"upper_bound":8965811.333333334},"point_estimate":8594696.583333332,"standard_error":573341.9050242236},"median_abs_dev":{"confidence_interval":{"confidence_level":0.95,"lower_bound":1321108.2657456386,"upper_bound":4380978.646022081},"point_estimate":3894741.3286045175,"standard_error":628574.1376754064},"slope":null,"std_dev":{"confidence_interval":{"confidence_level":0.95,"lower_bound":2784766.653535337,"upper_bound":3755016.9318530676},"point_estimate":3295824.5385280685,"standard_error":248057.911770309}}