{"mean":{"confidence_interval":{"confidence_level":0.95,"lower_bound":2751139.143808823,"upper_bound":3045584.627161767},"point_estimate":2899277.005294117,"standard_error":75205.43800442168},"median":{"confidence_interval":{"confidence_level":0.95,"lower_bound":2663117.3529411764,"upper_bound":3374422.1764705884},"point_estimate":3128625.029411765,"standard_error":176426.92514367847},"median_abs_dev":{"confidence_interval":{"confidence_level":0.95,"lower_bound":539992.824048505,"upper_bound":1151375.9328472267},"point_estimate":868614.3786554824,"standard_error":162970.89458472445},"slope":null,"std_dev":{"confidence_interval":{"confidence_level":0.95,"lower_bound":685344.7218268411,"upper_bound":808803.1036408691},"point_estimate":753524.8612621422,"standard_error":31492.602292651696}}