{"mean":{"confidence_interval":{"confidence_level":0.95,"lower_bound":9000100.0708,"upper_bound":9915910.189799996},"point_estimate":9466396.861999996,"standard_error":233278.8140853709},"median":{"confidence_interval":{"confidence_level":0.95,"lower_bound":9414916.4,"upper_bound":10514316.4},"point_estimate":9887299.100000001,"standard_error":244309.30201262454},"median_abs_dev":{"confidence_interval":{"confidence_level":0.95,"lower_bound":1728268.5684370997,"upper_bound":2684808.4164351225},"point_estimate":2148194.6993619204,"standard_error":223850.09873613215},"slope":null,"std_dev":{"confidence_interval":{"confidence_level":0.95,"lower_bound":1971537.6388796705,"upper_bound":2666014.213059737},"point_estimate":2345906.798311081,"standard_error":177917.06215990282}}