{"mean":{"confidence_interval":{"confidence_level":0.95,"lower_bound":0.022749242646801525,"upper_bound":0.09435540853628384},"point_estimate":0.0564195708962274,"standard_error":0.018265658687197765},"median":{"confidence_interval":{"confidence_level":0.95,"lower_bound":0.009884120925386597,"upper_bound":0.0802937055587245},"point_estimate":0.0517411403761483,"standard_error":0.017331783176745223}}