{"mean":{"confidence_interval":{"confidence_level":0.95,"lower_bound":0.06881043841320679,"upper_bound":0.13214443052527036},"point_estimate":0.10237442220570858,"standard_error":0.01622080850588204},"median":{"confidence_interval":{"confidence_level":0.95,"lower_bound":0.04381483880613901,"upper_bound":0.11928258344818178},"point_estimate":0.08158740453859092,"standard_error":0.018941207516737286}}