{"mean":{"confidence_interval":{"confidence_level":0.95,"lower_bound":0.04608533287629686,"upper_bound":0.12051991599561468},"point_estimate":0.08282272400127133,"standard_error":0.018934964263134055},"median":{"confidence_interval":{"confidence_level":0.95,"lower_bound":0.10029422037290336,"upper_bound":0.14165985650513},"point_estimate":0.11792147052195756,"standard_error":0.010504063634797951}}