{"mean":{"confidence_interval":{"confidence_level":0.95,"lower_bound":0.037675758454106964,"upper_bound":0.11697981596953329},"point_estimate":0.07607185489133084,"standard_error":0.020242559702793175},"median":{"confidence_interval":{"confidence_level":0.95,"lower_bound":0.04859724317540226,"upper_bound":0.17593527156741295},"point_estimate":0.11171915722500714,"standard_error":0.03151505286303225}}