{"mean":{"confidence_interval":{"confidence_level":0.95,"lower_bound":0.02677439025985498,"upper_bound":0.07851789536093146},"point_estimate":0.051749651535951235,"standard_error":0.013159306213225416},"median":{"confidence_interval":{"confidence_level":0.95,"lower_bound":0.018062545735838098,"upper_bound":0.08369809760459801},"point_estimate":0.04964879901296282,"standard_error":0.017096159976404905}}