{"mean":{"confidence_interval":{"confidence_level":0.95,"lower_bound":19538741.909083333,"upper_bound":21351130.68566666},"point_estimate":20468339.87333333,"standard_error":464390.6516871152},"median":{"confidence_interval":{"confidence_level":0.95,"lower_bound":20277289.333333332,"upper_bound":21996404.0},"point_estimate":21228921.333333336,"standard_error":468242.87126352784},"median_abs_dev":{"confidence_interval":{"confidence_level":0.95,"lower_bound":3497947.2907990236,"upper_bound":5718612.465274332},"point_estimate":4667579.058533904,"standard_error":544698.3140722539},"slope":null,"std_dev":{"confidence_interval":{"confidence_level":0.95,"lower_bound":3884907.2517425115,"upper_bound":5361827.602321829},"point_estimate":4654162.362443084,"standard_error":377743.33393074374}}