{"mean":{"confidence_interval":{"confidence_level":0.95,"lower_bound":-0.032778191134868885,"upper_bound":0.04083047418520325},"point_estimate":0.0027871365737519582,"standard_error":0.018827431685469957},"median":{"confidence_interval":{"confidence_level":0.95,"lower_bound":-0.08482005065499909,"upper_bound":0.0064697465498706475},"point_estimate":-0.059329035711806144,"standard_error":0.024109087063810514}}