{"mean":{"confidence_interval":{"confidence_level":0.95,"lower_bound":-0.08894771786462083,"upper_bound":-0.014386044007027152},"point_estimate":-0.05061401781694064,"standard_error":0.019057885305225168},"median":{"confidence_interval":{"confidence_level":0.95,"lower_bound":-0.09908891761215854,"upper_bound":-0.055629559941356654},"point_estimate":-0.07678537311158351,"standard_error":0.010982629324572142}}