{"mean":{"confidence_interval":{"confidence_level":0.95,"lower_bound":10689117.53134999,"upper_bound":11353858.793999996},"point_estimate":11031750.535999997,"standard_error":170439.75111683828},"median":{"confidence_interval":{"confidence_level":0.95,"lower_bound":11310044.4,"upper_bound":11751211.600000001},"point_estimate":11512663.100000001,"standard_error":114193.78866878546},"median_abs_dev":{"confidence_interval":{"confidence_level":0.95,"lower_bound":608243.3109015226,"upper_bound":1350269.62346792},"point_estimate":909319.928396342,"standard_error":195009.60798025652},"slope":null,"std_dev":{"confidence_interval":{"confidence_level":0.95,"lower_bound":1377409.4560055884,"upper_bound":1999927.612100359},"point_estimate":1706477.9774990624,"standard_error":158456.2208450749}}