{"mean":{"confidence_interval":{"confidence_level":0.95,"lower_bound":0.002710015984375531,"upper_bound":0.07923787741303047},"point_estimate":0.038753898252462005,"standard_error":0.01940990969626027},"median":{"confidence_interval":{"confidence_level":0.95,"lower_bound":0.03195989149847178,"upper_bound":0.0627356350946966},"point_estimate":0.04790907963232205,"standard_error":0.007499921616236509}}