{"mean":{"confidence_interval":{"confidence_level":0.95,"lower_bound":0.08117331488027316,"upper_bound":0.1455452810691556},"point_estimate":0.11254887535414304,"standard_error":0.016538499899286335},"median":{"confidence_interval":{"confidence_level":0.95,"lower_bound":0.08647527412649181,"upper_bound":0.16163219285682184},"point_estimate":0.12077633134320709,"standard_error":0.01975686336323546}}