{"mean":{"confidence_interval":{"confidence_level":0.95,"lower_bound":2570313.7913552625,"upper_bound":2720595.968671053},"point_estimate":2645457.3921052637,"standard_error":38418.71118334645},"median":{"confidence_interval":{"confidence_level":0.95,"lower_bound":2567997.7105263155,"upper_bound":2763669.947368421},"point_estimate":2665074.6315789474,"standard_error":53015.817615146065},"median_abs_dev":{"confidence_interval":{"confidence_level":0.95,"lower_bound":274481.5753006619,"upper_bound":504545.3527530557},"point_estimate":341030.72819286253,"standard_error":60014.197176491936},"slope":null,"std_dev":{"confidence_interval":{"confidence_level":0.95,"lower_bound":331519.8191259556,"upper_bound":436766.9490458856},"point_estimate":385734.26640924066,"standard_error":26828.83738798527}}