{"mean":{"confidence_interval":{"confidence_level":0.95,"lower_bound":2914309.541125,"upper_bound":3159007.384203125},"point_estimate":3033212.2825,"standard_error":62449.77061177183},"median":{"confidence_interval":{"confidence_level":0.95,"lower_bound":2648791.25,"upper_bound":3085568.9375},"point_estimate":2864645.59375,"standard_error":107120.2448222357},"median_abs_dev":{"confidence_interval":{"confidence_level":0.95,"lower_bound":389059.1593053192,"upper_bound":732648.9708199117},"point_estimate":498635.76046619564,"standard_error":88862.26173901767},"slope":null,"std_dev":{"confidence_interval":{"confidence_level":0.95,"lower_bound":515450.0580598571,"upper_bound":726791.5144747876},"point_estimate":627452.4072650394,"standard_error":54135.180559824126}}