{"mean":{"confidence_interval":{"confidence_level":0.95,"lower_bound":0.007234725999740599,"upper_bound":0.06083228430742956},"point_estimate":0.03474116889676049,"standard_error":0.013687327555001651},"median":{"confidence_interval":{"confidence_level":0.95,"lower_bound":-0.001519883937177724,"upper_bound":0.04257151585239116},"point_estimate":0.020687029274739865,"standard_error":0.011094052037551682}}