{"mean":{"confidence_interval":{"confidence_level":0.95,"lower_bound":0.0795977974662443,"upper_bound":0.14017061508630443},"point_estimate":0.10922475589492442,"standard_error":0.015405881991730536},"median":{"confidence_interval":{"confidence_level":0.95,"lower_bound":0.07761599590229307,"upper_bound":0.12957166953104915},"point_estimate":0.10704091819707306,"standard_error":0.014387605333406231}}