{"mean":{"confidence_interval":{"confidence_level":0.95,"lower_bound":0.030736449278884338,"upper_bound":0.09322671079862278},"point_estimate":0.06257125115200668,"standard_error":0.016011117656875948},"median":{"confidence_interval":{"confidence_level":0.95,"lower_bound":0.016749726061035197,"upper_bound":0.11537731505553905},"point_estimate":0.04554950787178913,"standard_error":0.02609386899489909}}