{"mean":{"confidence_interval":{"confidence_level":0.95,"lower_bound":0.00792746689825889,"upper_bound":0.07758080401143212},"point_estimate":0.04134812237192609,"standard_error":0.01778758894179667},"median":{"confidence_interval":{"confidence_level":0.95,"lower_bound":0.01513414012378722,"upper_bound":0.1191405998178976},"point_estimate":0.09237332753032668,"standard_error":0.02817074170248722}}