{"mean":{"confidence_interval":{"confidence_level":0.95,"lower_bound":-0.022827418368749786,"upper_bound":0.03849204964423381},"point_estimate":0.007766351400721128,"standard_error":0.015664707902712335},"median":{"confidence_interval":{"confidence_level":0.95,"lower_bound":-0.04657866126749044,"upper_bound":0.042625225723255555},"point_estimate":-0.005518953873725141,"standard_error":0.021867333703808996}}