{"mean":{"confidence_interval":{"confidence_level":0.95,"lower_bound":0.0783104657043974,"upper_bound":0.12956542761010523},"point_estimate":0.10447842301360555,"standard_error":0.013080605091115444},"median":{"confidence_interval":{"confidence_level":0.95,"lower_bound":0.10109530360653585,"upper_bound":0.1835546171307414},"point_estimate":0.15326308554504275,"standard_error":0.02052634746359952}}