{"mean":{"confidence_interval":{"confidence_level":0.95,"lower_bound":7639675.786916668,"upper_bound":8741303.396000002},"point_estimate":8170309.859999998,"standard_error":281088.96536318766},"median":{"confidence_interval":{"confidence_level":0.95,"lower_bound":6754182.75,"upper_bound":8484572.5},"point_estimate":7981965.916666667,"standard_error":395589.8147660459},"median_abs_dev":{"confidence_interval":{"confidence_level":0.95,"lower_bound":1987394.1301167011,"upper_bound":3471567.389467359},"point_estimate":2889929.087993502,"standard_error":363866.99400561786},"slope":null,"std_dev":{"confidence_interval":{"confidence_level":0.95,"lower_bound":2242285.0276159565,"upper_bound":3362561.5101594515},"point_estimate":2831770.3479152853,"standard_error":286893.1179089055}}