{"mean":{"confidence_interval":{"confidence_level":0.95,"lower_bound":12783237.930125,"upper_bound":13431404.5671875},"point_estimate":13115755.2975,"standard_error":164924.88357113572},"median":{"confidence_interval":{"confidence_level":0.95,"lower_bound":13365351.25,"upper_bound":13743704.75},"point_estimate":13622631.375,"standard_error":87808.89316269476},"median_abs_dev":{"confidence_interval":{"confidence_level":0.95,"lower_bound":522834.98889282346,"upper_bound":1100386.9977392256},"point_estimate":774142.1708062291,"standard_error":139456.6449542158},"slope":null,"std_dev":{"confidence_interval":{"confidence_level":0.95,"lower_bound":1268418.5018083209,"upper_bound":2006911.9256957923},"point_estimate":1659129.6012701988,"standard_error":189333.02997531902}}