{"mean":{"confidence_interval":{"confidence_level":0.95,"lower_bound":-0.10963031849806633,"upper_bound":-0.015572114661843647},"point_estimate":-0.0654311138406729,"standard_error":0.023876140864825434},"median":{"confidence_interval":{"confidence_level":0.95,"lower_bound":-0.1197386323759918,"upper_bound":-0.010701756103619897},"point_estimate":-0.06408711434319492,"standard_error":0.029632664845060563}}