{"mean":{"confidence_interval":{"confidence_level":0.95,"lower_bound":0.00504295517227963,"upper_bound":0.12599873633439784},"point_estimate":0.06563321649719733,"standard_error":0.030868772738854865},"median":{"confidence_interval":{"confidence_level":0.95,"lower_bound":-0.019697366690682783,"upper_bound":0.17348413514943406},"point_estimate":0.09859115744731373,"standard_error":0.05004229856419443}}