{"mean":{"confidence_interval":{"confidence_level":0.95,"lower_bound":0.04017376722596364,"upper_bound":0.1559104141826226},"point_estimate":0.09686549242598241,"standard_error":0.029476267126480753},"median":{"confidence_interval":{"confidence_level":0.95,"lower_bound":0.03194828450457643,"upper_bound":0.23913212612984425},"point_estimate":0.11873154571782996,"standard_error":0.05171433950378937}}