{"mean":{"confidence_interval":{"confidence_level":0.95,"lower_bound":-0.003089388070546355,"upper_bound":0.026245407256509697},"point_estimate":0.011630828460641451,"standard_error":0.007548086395210073},"median":{"confidence_interval":{"confidence_level":0.95,"lower_bound":-0.007615825607168447,"upper_bound":0.023649555141226575},"point_estimate":0.008329409083559725,"standard_error":0.007916531622518834}}