{"mean":{"confidence_interval":{"confidence_level":0.95,"lower_bound":0.11761262759451369,"upper_bound":0.18854495911768684},"point_estimate":0.15227804274373757,"standard_error":0.018119272308849247},"median":{"confidence_interval":{"confidence_level":0.95,"lower_bound":0.0761696613419034,"upper_bound":0.14060258784021218},"point_estimate":0.09482857441390014,"standard_error":0.01545493307747132}}