{"mean":{"confidence_interval":{"confidence_level":0.95,"lower_bound":5047308.105068181,"upper_bound":5439719.408090908},"point_estimate":5249308.095454546,"standard_error":100132.5175428236},"median":{"confidence_interval":{"confidence_level":0.95,"lower_bound":5305601.7272727275,"upper_bound":5730615.818181818},"point_estimate":5570372.136363637,"standard_error":102616.05049751523},"median_abs_dev":{"confidence_interval":{"confidence_level":0.95,"lower_bound":619536.3422919395,"upper_bound":1047212.1850173583},"point_estimate":825551.3585889884,"standard_error":110729.66908470604},"slope":null,"std_dev":{"confidence_interval":{"confidence_level":0.95,"lower_bound":835607.981492259,"upper_bound":1151464.3157123665},"point_estimate":1006266.0465016584,"standard_error":80540.2432905478}}