{"mean":{"confidence_interval":{"confidence_level":0.95,"lower_bound":3607422.807979168,"upper_bound":3838683.432291667},"point_estimate":3726119.063333333,"standard_error":59187.988492763194},"median":{"confidence_interval":{"confidence_level":0.95,"lower_bound":3782772.5,"upper_bound":3893467.25},"point_estimate":3842166.125,"standard_error":26631.35437694183},"median_abs_dev":{"confidence_interval":{"confidence_level":0.95,"lower_bound":251835.54347902536,"upper_bound":547491.3801100847},"point_estimate":396541.68693497765,"standard_error":79314.61916992902},"slope":null,"std_dev":{"confidence_interval":{"confidence_level":0.95,"lower_bound":480762.8244584355,"upper_bound":695029.0936522424},"point_estimate":595930.343236576,"standard_error":54645.59593412769}}