{"mean":{"confidence_interval":{"confidence_level":0.95,"lower_bound":-0.05667696901693442,"upper_bound":0.012157339687069682},"point_estimate":-0.02197220450164794,"standard_error":0.017780906662859045},"median":{"confidence_interval":{"confidence_level":0.95,"lower_bound":-0.016107296030093986,"upper_bound":0.011307874307817212},"point_estimate":-0.003977477588683609,"standard_error":0.006798689726875881}}