{"mean":{"confidence_interval":{"confidence_level":0.95,"lower_bound":0.030908463438043456,"upper_bound":0.13494002326757984},"point_estimate":0.08285582452332552,"standard_error":0.02651597384039596},"median":{"confidence_interval":{"confidence_level":0.95,"lower_bound":0.04917368342208284,"upper_bound":0.1687939838854864},"point_estimate":0.10154447368331776,"standard_error":0.03004085301201702}}