{"mean":{"confidence_interval":{"confidence_level":0.95,"lower_bound":-0.05242087392054652,"upper_bound":0.02123754770503473},"point_estimate":-0.01733347661088691,"standard_error":0.018821069376067458},"median":{"confidence_interval":{"confidence_level":0.95,"lower_bound":-0.036552421917702804,"upper_bound":0.014507200228998741},"point_estimate":-0.005944182862904546,"standard_error":0.013843506589133896}}