{"mean":{"confidence_interval":{"confidence_level":0.95,"lower_bound":0.13722839666362063,"upper_bound":0.26808745153144836},"point_estimate":0.2016182845779977,"standard_error":0.033809630734966484},"median":{"confidence_interval":{"confidence_level":0.95,"lower_bound":0.08368041491118228,"upper_bound":0.18059520171874915},"point_estimate":0.1284479615777061,"standard_error":0.02516111392032711}}