{"mean":{"confidence_interval":{"confidence_level":0.95,"lower_bound":-0.19987013307784007,"upper_bound":-0.11806129243152114},"point_estimate":-0.15854677373491544,"standard_error":0.02086984567670786},"median":{"confidence_interval":{"confidence_level":0.95,"lower_bound":-0.25151123165812606,"upper_bound":-0.1185053700857176},"point_estimate":-0.19055749149515955,"standard_error":0.034493852443135985}}