{"mean":{"confidence_interval":{"confidence_level":0.95,"lower_bound":-0.20022012522994628,"upper_bound":-0.08906540576821925},"point_estimate":-0.14515232047381355,"standard_error":0.028353387434291874},"median":{"confidence_interval":{"confidence_level":0.95,"lower_bound":-0.25292155316626797,"upper_bound":-0.04089579725306003},"point_estimate":-0.11935732733449922,"standard_error":0.047359472375394465}}