{"mean":{"confidence_interval":{"confidence_level":0.95,"lower_bound":-0.05797694722735844,"upper_bound":0.04002691194993898},"point_estimate":-0.009988446276800289,"standard_error":0.024859407970969735},"median":{"confidence_interval":{"confidence_level":0.95,"lower_bound":-0.03630493360036202,"upper_bound":0.07312420989808444},"point_estimate":0.031367846703165725,"standard_error":0.028814726261099356}}