{"mean":{"confidence_interval":{"confidence_level":0.95,"lower_bound":-0.06259639325981893,"upper_bound":0.01861902650064657},"point_estimate":-0.022226008806793485,"standard_error":0.020663920683413616},"median":{"confidence_interval":{"confidence_level":0.95,"lower_bound":-0.07921515899884612,"upper_bound":0.01611032339891616},"point_estimate":-0.04214834542681967,"standard_error":0.026057222800368277}}