{"mean":{"confidence_interval":{"confidence_level":0.95,"lower_bound":1682919.8025213243,"upper_bound":1776967.2525248907},"point_estimate":1730108.8338971518,"standard_error":24082.609982002177},"median":{"confidence_interval":{"confidence_level":0.95,"lower_bound":1661995.8409090908,"upper_bound":1830840.7},"point_estimate":1761354.8411138924,"standard_error":53799.6515351862},"median_abs_dev":{"confidence_interval":{"confidence_level":0.95,"lower_bound":206321.27372346516,"upper_bound":353668.645040078},"point_estimate":274600.2412019144,"standard_error":45003.617700508454},"slope":{"confidence_interval":{"confidence_level":0.95,"lower_bound":1637119.725514511,"upper_bound":1740834.9979226158},"point_estimate":1690435.9165952415,"standard_error":26503.733457350332},"std_dev":{"confidence_interval":{"confidence_level":0.95,"lower_bound":214402.51432053433,"upper_bound":267622.9071105908},"point_estimate":241877.7152118359,"standard_error":13636.211020082586}}