{"mean":{"confidence_interval":{"confidence_level":0.95,"lower_bound":-0.29835782769263997,"upper_bound":-0.21039918229368312},"point_estimate":-0.2548368871942853,"standard_error":0.02249847454320896},"median":{"confidence_interval":{"confidence_level":0.95,"lower_bound":-0.3364357971277515,"upper_bound":-0.22739418167596326},"point_estimate":-0.28286753433620637,"standard_error":0.02737813681651524}}