{"mean":{"confidence_interval":{"confidence_level":0.95,"lower_bound":0.31098803601410063,"upper_bound":0.49808884593909736},"point_estimate":0.40039698021482595,"standard_error":0.04779791239587815},"median":{"confidence_interval":{"confidence_level":0.95,"lower_bound":0.35138014784960236,"upper_bound":0.6586419798293566},"point_estimate":0.49527064702396073,"standard_error":0.075306388295682}}