{"mean":{"confidence_interval":{"confidence_level":0.95,"lower_bound":851585.8337217636,"upper_bound":885736.1744297643},"point_estimate":867889.1732343686,"standard_error":8747.455907131047},"median":{"confidence_interval":{"confidence_level":0.95,"lower_bound":821713.7903225806,"upper_bound":855692.1528233744},"point_estimate":842468.6210416667,"standard_error":9670.25118549161},"median_abs_dev":{"confidence_interval":{"confidence_level":0.95,"lower_bound":31494.919256876172,"upper_bound":63893.49267095922},"point_estimate":48818.0975781944,"standard_error":9315.592887389188},"slope":{"confidence_interval":{"confidence_level":0.95,"lower_bound":880350.9932913787,"upper_bound":943820.8682197094},"point_estimate":912164.663123984,"standard_error":16218.357938976647},"std_dev":{"confidence_interval":{"confidence_level":0.95,"lower_bound":66530.19685304922,"upper_bound":104635.85196597797},"point_estimate":87648.23952291194,"standard_error":9753.525080744763}}