{"mean":{"confidence_interval":{"confidence_level":0.95,"lower_bound":0.11385447590106161,"upper_bound":0.18730904120116762},"point_estimate":0.15043215066602666,"standard_error":0.018827839934734213},"median":{"confidence_interval":{"confidence_level":0.95,"lower_bound":0.11941579082810083,"upper_bound":0.2993854403449356},"point_estimate":0.23029797269425645,"standard_error":0.05083289808670226}}