{"mean":{"confidence_interval":{"confidence_level":0.95,"lower_bound":0.014247492528049181,"upper_bound":0.08485406089977907},"point_estimate":0.04880385037489243,"standard_error":0.018004893005995844},"median":{"confidence_interval":{"confidence_level":0.95,"lower_bound":0.020178416275118183,"upper_bound":0.0749088783096361},"point_estimate":0.03828576178872645,"standard_error":0.013951479278582925}}