{"mean":{"confidence_interval":{"confidence_level":0.95,"lower_bound":127971.24340123971,"upper_bound":134788.61413292732},"point_estimate":131242.27334334442,"standard_error":1741.7317932514788},"median":{"confidence_interval":{"confidence_level":0.95,"lower_bound":122242.27105770074,"upper_bound":128947.66944444444},"point_estimate":125207.38826043237,"standard_error":1877.9513973302353},"median_abs_dev":{"confidence_interval":{"confidence_level":0.95,"lower_bound":7630.855943421608,"upper_bound":15251.594479172307},"point_estimate":10742.460226277335,"standard_error":2030.8326407421969},"slope":{"confidence_interval":{"confidence_level":0.95,"lower_bound":126326.41426248164,"upper_bound":135875.08365206054},"point_estimate":130728.62184917,"standard_error":2449.8107656517136},"std_dev":{"confidence_interval":{"confidence_level":0.95,"lower_bound":13294.461406705937,"upper_bound":21229.18086565656},"point_estimate":17513.62509670315,"standard_error":2028.7619135956547}}