{"mean":{"confidence_interval":{"confidence_level":0.95,"lower_bound":-0.05025025745804312,"upper_bound":0.02729183800988785},"point_estimate":-0.012966005698732852,"standard_error":0.019777063521119496},"median":{"confidence_interval":{"confidence_level":0.95,"lower_bound":-0.08554617287322715,"upper_bound":0.06464361374442235},"point_estimate":-0.013720641378078158,"standard_error":0.03890318759675162}}