{"mean":{"confidence_interval":{"confidence_level":0.95,"lower_bound":-0.08477108806685937,"upper_bound":-0.023871174137375512},"point_estimate":-0.054734669943683034,"standard_error":0.015531525697920217},"median":{"confidence_interval":{"confidence_level":0.95,"lower_bound":-0.1294679525094421,"upper_bound":-0.03424224544719234},"point_estimate":-0.08963831683374324,"standard_error":0.02881420719981525}}