{"mean":{"confidence_interval":{"confidence_level":0.95,"lower_bound":0.02074313345268649,"upper_bound":0.09033000758105966},"point_estimate":0.05309391420752285,"standard_error":0.017706618003729194},"median":{"confidence_interval":{"confidence_level":0.95,"lower_bound":-0.010922380475790971,"upper_bound":0.048456586208425856},"point_estimate":0.025078178284872576,"standard_error":0.016023075108844216}}