{"mean":{"confidence_interval":{"confidence_level":0.95,"lower_bound":0.038653965385938176,"upper_bound":0.08791995847758471},"point_estimate":0.06241585357925428,"standard_error":0.012566540149159432},"median":{"confidence_interval":{"confidence_level":0.95,"lower_bound":0.027744779273354725,"upper_bound":0.05992392344191429},"point_estimate":0.041808888298598745,"standard_error":0.007953881870240882}}