{"mean":{"confidence_interval":{"confidence_level":0.95,"lower_bound":12953074.928125,"upper_bound":13574055.6559375},"point_estimate":13271465.0525,"standard_error":158540.67341537884},"median":{"confidence_interval":{"confidence_level":0.95,"lower_bound":13368687.75,"upper_bound":13769487.75},"point_estimate":13595953.875,"standard_error":106771.28303876205},"median_abs_dev":{"confidence_interval":{"confidence_level":0.95,"lower_bound":667925.3728419542,"upper_bound":1147759.7733981907},"point_estimate":855472.786912322,"standard_error":127225.15876328635},"slope":null,"std_dev":{"confidence_interval":{"confidence_level":0.95,"lower_bound":1199058.3501521316,"upper_bound":1993359.7827946255},"point_estimate":1592522.101356262,"standard_error":205401.83102830188}}