{"mean":{"confidence_interval":{"confidence_level":0.95,"lower_bound":885431.0133648977,"upper_bound":915165.589590517},"point_estimate":899690.7650666782,"standard_error":7593.155713183921},"median":{"confidence_interval":{"confidence_level":0.95,"lower_bound":869955.8534241789,"upper_bound":902980.4885057472},"point_estimate":885301.5174129354,"standard_error":10003.725228279527},"median_abs_dev":{"confidence_interval":{"confidence_level":0.95,"lower_bound":46352.84847089775,"upper_bound":74201.99621189351},"point_estimate":59184.75674280558,"standard_error":7161.273326398294},"slope":{"confidence_interval":{"confidence_level":0.95,"lower_bound":878734.00204437,"upper_bound":909523.194442564},"point_estimate":893831.0908807447,"standard_error":7846.389505183957},"std_dev":{"confidence_interval":{"confidence_level":0.95,"lower_bound":57868.02847297539,"upper_bound":94780.32821588636},"point_estimate":76417.85792697032,"standard_error":9521.357610847504}}