{"mean":{"confidence_interval":{"confidence_level":0.95,"lower_bound":-0.04720470019512072,"upper_bound":0.09859263474536249},"point_estimate":0.022725625102018254,"standard_error":0.03721244309401789},"median":{"confidence_interval":{"confidence_level":0.95,"lower_bound":-0.11009852024636357,"upper_bound":0.22726758594359953},"point_estimate":0.040592764737216624,"standard_error":0.08280663292294137}}