{"mean":{"confidence_interval":{"confidence_level":0.95,"lower_bound":0.034793124385456384,"upper_bound":0.2116690304106264},"point_estimate":0.11889411881107748,"standard_error":0.04529900578303908},"median":{"confidence_interval":{"confidence_level":0.95,"lower_bound":-0.04941173994501402,"upper_bound":0.4361033012934894},"point_estimate":0.23080558985433153,"standard_error":0.12309403327042993}}