{"mean":{"confidence_interval":{"confidence_level":0.95,"lower_bound":527561.1337635122,"upper_bound":553891.0290204567},"point_estimate":540649.295885993,"standard_error":6715.573458228782},"median":{"confidence_interval":{"confidence_level":0.95,"lower_bound":503222.0789124669,"upper_bound":557824.9779411765},"point_estimate":525371.96875,"standard_error":16293.237553653602},"median_abs_dev":{"confidence_interval":{"confidence_level":0.95,"lower_bound":59553.01831091678,"upper_bound":99619.1035804375},"point_estimate":89620.26385251201,"standard_error":11481.949191708794},"slope":{"confidence_interval":{"confidence_level":0.95,"lower_bound":527856.2188912296,"upper_bound":560035.3507549756},"point_estimate":543668.962164918,"standard_error":8213.845622012239},"std_dev":{"confidence_interval":{"confidence_level":0.95,"lower_bound":61159.70357636462,"upper_bound":73108.377564565},"point_estimate":67643.53875699751,"standard_error":3042.9871380604927}}