{"mean":{"confidence_interval":{"confidence_level":0.95,"lower_bound":0.16078593381520118,"upper_bound":0.25589416897290934},"point_estimate":0.2053270855155176,"standard_error":0.024240982416103125},"median":{"confidence_interval":{"confidence_level":0.95,"lower_bound":0.12968108622992558,"upper_bound":0.24154843701758932},"point_estimate":0.19952280689329704,"standard_error":0.031930287088341024}}