{"mean":{"confidence_interval":{"confidence_level":0.95,"lower_bound":-0.06209057541638474,"upper_bound":-0.007495602736673973},"point_estimate":-0.03561464160014072,"standard_error":0.013886093151968119},"median":{"confidence_interval":{"confidence_level":0.95,"lower_bound":-0.062078428115621365,"upper_bound":0.017223223844493374},"point_estimate":-0.025578747036333338,"standard_error":0.019935831373051414}}