{"mean":{"confidence_interval":{"confidence_level":0.95,"lower_bound":0.15091138065640425,"upper_bound":0.20578578643755024},"point_estimate":0.17651363522620378,"standard_error":0.013982954890989857},"median":{"confidence_interval":{"confidence_level":0.95,"lower_bound":0.17859644328517876,"upper_bound":0.23679342720242477},"point_estimate":0.21389926390418812,"standard_error":0.01531625455616934}}