{"mean":{"confidence_interval":{"confidence_level":0.95,"lower_bound":-0.3109660819695328,"upper_bound":-0.18750374962685837},"point_estimate":-0.2521820826957527,"standard_error":0.031592949298675545},"median":{"confidence_interval":{"confidence_level":0.95,"lower_bound":-0.356761674305186,"upper_bound":-0.07461842633372207},"point_estimate":-0.18214214091871583,"standard_error":0.07121692340381326}}