{"mean":{"confidence_interval":{"confidence_level":0.95,"lower_bound":0.37786285077662757,"upper_bound":0.580443421755146},"point_estimate":0.47831199293684445,"standard_error":0.051935923387542736},"median":{"confidence_interval":{"confidence_level":0.95,"lower_bound":0.44340899108113874,"upper_bound":0.8087124996771351},"point_estimate":0.6717258677158191,"standard_error":0.09829079235584319}}