{"mean":{"confidence_interval":{"confidence_level":0.95,"lower_bound":0.03578350183319848,"upper_bound":0.11842793946095756},"point_estimate":0.07593746275991164,"standard_error":0.021095502026012614},"median":{"confidence_interval":{"confidence_level":0.95,"lower_bound":0.006489859010288868,"upper_bound":0.1262806899487492},"point_estimate":0.040737061743190806,"standard_error":0.028509297763801726}}