{"mean":{"confidence_interval":{"confidence_level":0.95,"lower_bound":-0.0395398989239602,"upper_bound":0.040776967093370343},"point_estimate":0.0011758547945281972,"standard_error":0.020454095534100675},"median":{"confidence_interval":{"confidence_level":0.95,"lower_bound":-0.05572965286644471,"upper_bound":-0.002142022729140295},"point_estimate":-0.02987102385330409,"standard_error":0.013929049710093632}}