{"mean":{"confidence_interval":{"confidence_level":0.95,"lower_bound":1166422.250423423,"upper_bound":1307196.3504965983},"point_estimate":1236881.6084397254,"standard_error":35901.269039438186},"median":{"confidence_interval":{"confidence_level":0.95,"lower_bound":1081312.6153846155,"upper_bound":1443334.1851851852},"point_estimate":1180687.1039402173,"standard_error":94672.99452622248},"median_abs_dev":{"confidence_interval":{"confidence_level":0.95,"lower_bound":375098.08433116745,"upper_bound":566511.2055787792},"point_estimate":524854.4150562383,"standard_error":50419.76717794462},"slope":{"confidence_interval":{"confidence_level":0.95,"lower_bound":1366052.316975908,"upper_bound":1489677.9882004422},"point_estimate":1431933.7517629673,"standard_error":31612.81404734877},"std_dev":{"confidence_interval":{"confidence_level":0.95,"lower_bound":330814.76690248976,"upper_bound":388581.99422662304},"point_estimate":362146.45592936926,"standard_error":14731.691662650654}}