{"mean":{"confidence_interval":{"confidence_level":0.95,"lower_bound":-0.1372387620844283,"upper_bound":-0.04640436832634531},"point_estimate":-0.0930979470019152,"standard_error":0.023134008566847556},"median":{"confidence_interval":{"confidence_level":0.95,"lower_bound":-0.1739775567945594,"upper_bound":-0.03138140398370626},"point_estimate":-0.1263649928317122,"standard_error":0.03562396384396187}}