{"mean":{"confidence_interval":{"confidence_level":0.95,"lower_bound":-0.1255030320985988,"upper_bound":-0.05969011161722353},"point_estimate":-0.09300133963181623,"standard_error":0.0169137874364897},"median":{"confidence_interval":{"confidence_level":0.95,"lower_bound":-0.10133907574723133,"upper_bound":-0.05032498156852547},"point_estimate":-0.07600477776456072,"standard_error":0.012059694287530514}}