{"mean":{"confidence_interval":{"confidence_level":0.95,"lower_bound":-0.14266298711288256,"upper_bound":-0.05177803579449406},"point_estimate":-0.09806438982169663,"standard_error":0.023039592873000305},"median":{"confidence_interval":{"confidence_level":0.95,"lower_bound":-0.1238196968413362,"upper_bound":-0.03462022720112512},"point_estimate":-0.08361492066041087,"standard_error":0.022701494695965198}}