{"mean":{"confidence_interval":{"confidence_level":0.95,"lower_bound":-0.038821505818493224,"upper_bound":0.031517864554118376},"point_estimate":-0.0041295755000584355,"standard_error":0.018002866860907088},"median":{"confidence_interval":{"confidence_level":0.95,"lower_bound":-0.010209478901362368,"upper_bound":0.07577413423422885},"point_estimate":0.025425688756744114,"standard_error":0.021036116153151433}}