{"mean":{"confidence_interval":{"confidence_level":0.95,"lower_bound":0.004586668603535476,"upper_bound":0.0702325577922471},"point_estimate":0.03732337751977943,"standard_error":0.016788933193485317},"median":{"confidence_interval":{"confidence_level":0.95,"lower_bound":0.032484417176422475,"upper_bound":0.09755629677803901},"point_estimate":0.0644682762236326,"standard_error":0.017226327013245737}}