{"mean":{"confidence_interval":{"confidence_level":0.95,"lower_bound":0.010034059161621964,"upper_bound":0.08480378879707898},"point_estimate":0.04796063192604039,"standard_error":0.01905134797799116},"median":{"confidence_interval":{"confidence_level":0.95,"lower_bound":0.009070219241717359,"upper_bound":0.07169193137303885},"point_estimate":0.046949636390855476,"standard_error":0.016278311657320424}}