{"mean":{"confidence_interval":{"confidence_level":0.95,"lower_bound":2468281.1491904776,"upper_bound":2512584.2166428575},"point_estimate":2490411.013333333,"standard_error":11319.342791610123},"median":{"confidence_interval":{"confidence_level":0.95,"lower_bound":2465179.761904762,"upper_bound":2510685.976190476},"point_estimate":2492619.166666667,"standard_error":12362.677717744771},"median_abs_dev":{"confidence_interval":{"confidence_level":0.95,"lower_bound":63799.771567327836,"upper_bound":125446.3137728829},"point_estimate":87655.82884379858,"standard_error":15635.798041497841},"slope":null,"std_dev":{"confidence_interval":{"confidence_level":0.95,"lower_bound":94719.019809564,"upper_bound":130867.63613142703},"point_estimate":113680.06792681215,"standard_error":9235.796298176787}}