{"mean":{"confidence_interval":{"confidence_level":0.95,"lower_bound":0.00591234176365501,"upper_bound":0.06148278310871405},"point_estimate":0.03278107319751222,"standard_error":0.01413578422771171},"median":{"confidence_interval":{"confidence_level":0.95,"lower_bound":0.011640601965403397,"upper_bound":0.08729837936541052},"point_estimate":0.06369503812822996,"standard_error":0.022012100951408646}}