{"mean":{"confidence_interval":{"confidence_level":0.95,"lower_bound":0.015480089027450525,"upper_bound":0.08328084954065532},"point_estimate":0.04936889245823317,"standard_error":0.01735860448500386},"median":{"confidence_interval":{"confidence_level":0.95,"lower_bound":0.03008199715562898,"upper_bound":0.11348054545657726},"point_estimate":0.0706401509171588,"standard_error":0.02181682135162518}}