{"mean":{"confidence_interval":{"confidence_level":0.95,"lower_bound":0.013116438301883594,"upper_bound":0.08498729277614228},"point_estimate":0.04908171424310148,"standard_error":0.018176882179404132},"median":{"confidence_interval":{"confidence_level":0.95,"lower_bound":0.0027828212998521895,"upper_bound":0.06953524094981645},"point_estimate":0.03253284992281036,"standard_error":0.018283230504475854}}