{"mean":{"confidence_interval":{"confidence_level":0.95,"lower_bound":4268514.263107143,"upper_bound":4371852.070767855},"point_estimate":4321273.607142856,"standard_error":26343.123338040583},"median":{"confidence_interval":{"confidence_level":0.95,"lower_bound":4324466.642857143,"upper_bound":4439465.75},"point_estimate":4378428.392857143,"standard_error":28507.125943264622},"median_abs_dev":{"confidence_interval":{"confidence_level":0.95,"lower_bound":137136.47336534053,"upper_bound":249756.93831592798},"point_estimate":185880.33629996426,"standard_error":29595.949153554488},"slope":null,"std_dev":{"confidence_interval":{"confidence_level":0.95,"lower_bound":211159.6542163899,"upper_bound":316684.62502416514},"point_estimate":264479.7789625839,"standard_error":27108.95777696109}}