{"mean":{"confidence_interval":{"confidence_level":0.95,"lower_bound":0.03678863058717384,"upper_bound":0.08845453390154044},"point_estimate":0.06347819867347138,"standard_error":0.013160572455626275},"median":{"confidence_interval":{"confidence_level":0.95,"lower_bound":0.03594037472213962,"upper_bound":0.0829912018482255},"point_estimate":0.05842435218261666,"standard_error":0.01258820246312026}}