{"mean":{"confidence_interval":{"confidence_level":0.95,"lower_bound":0.036062000400366265,"upper_bound":0.07604728537910241},"point_estimate":0.05655018801937217,"standard_error":0.010113432833726127},"median":{"confidence_interval":{"confidence_level":0.95,"lower_bound":0.037907860436704244,"upper_bound":0.07810703761889704},"point_estimate":0.05730671523887643,"standard_error":0.011861674314089335}}