{"mean":{"confidence_interval":{"confidence_level":0.95,"lower_bound":-0.05325555145151549,"upper_bound":0.01910621368307132},"point_estimate":-0.016458553198091197,"standard_error":0.018512915473084837},"median":{"confidence_interval":{"confidence_level":0.95,"lower_bound":-0.004713488321371839,"upper_bound":0.0495636268270776},"point_estimate":0.020592455316657654,"standard_error":0.014060275535464998}}