{"mean":{"confidence_interval":{"confidence_level":0.95,"lower_bound":-0.11359527140620777,"upper_bound":-0.05461396594914658},"point_estimate":-0.08436371131411391,"standard_error":0.015006771404089835},"median":{"confidence_interval":{"confidence_level":0.95,"lower_bound":-0.17669545777974938,"upper_bound":-0.0838407368822841},"point_estimate":-0.13924856899999427,"standard_error":0.02762305523380797}}