{"mean":{"confidence_interval":{"confidence_level":0.95,"lower_bound":-0.07876120586169352,"upper_bound":-0.008325689916746901},"point_estimate":-0.04190082678701723,"standard_error":0.017886695804939144},"median":{"confidence_interval":{"confidence_level":0.95,"lower_bound":-0.11649163976788035,"upper_bound":-0.008119617008134128},"point_estimate":-0.04035528509454189,"standard_error":0.026523699416775064}}