{"mean":{"confidence_interval":{"confidence_level":0.95,"lower_bound":954036.0319155229,"upper_bound":991943.780824892},"point_estimate":972413.4158259454,"standard_error":9675.603803803737},"median":{"confidence_interval":{"confidence_level":0.95,"lower_bound":938671.4556962026,"upper_bound":984007.7375},"point_estimate":970095.3183203992,"standard_error":11195.035475493503},"median_abs_dev":{"confidence_interval":{"confidence_level":0.95,"lower_bound":81934.19309844977,"upper_bound":127991.52385417058},"point_estimate":114523.91996038263,"standard_error":12155.286158689365},"slope":{"confidence_interval":{"confidence_level":0.95,"lower_bound":970135.5963884884,"upper_bound":1003693.7522995658},"point_estimate":986336.0245219447,"standard_error":8548.117356146766},"std_dev":{"confidence_interval":{"confidence_level":0.95,"lower_bound":78324.41592282888,"upper_bound":115007.89496580462},"point_estimate":97007.01979227526,"standard_error":9394.176112847705}}