{"mean":{"confidence_interval":{"confidence_level":0.95,"lower_bound":-0.13986825631761485,"upper_bound":-0.05187232283004044},"point_estimate":-0.09595023899842237,"standard_error":0.022422257431034237},"median":{"confidence_interval":{"confidence_level":0.95,"lower_bound":-0.01612690045560672,"upper_bound":0.009955476903836136},"point_estimate":-0.002157296915987539,"standard_error":0.006237297359383571}}