{"mean":{"confidence_interval":{"confidence_level":0.95,"lower_bound":0.22610751375656415,"upper_bound":0.3656875379990256},"point_estimate":0.29779209824054576,"standard_error":0.03519796675818254},"median":{"confidence_interval":{"confidence_level":0.95,"lower_bound":0.12876783266377645,"upper_bound":0.22839683261606392},"point_estimate":0.1748094611742228,"standard_error":0.024470825091722995}}