{"mean":{"confidence_interval":{"confidence_level":0.95,"lower_bound":-0.279579724703872,"upper_bound":-0.16313387273521668},"point_estimate":-0.22566688508590393,"standard_error":0.02963880531990742},"median":{"confidence_interval":{"confidence_level":0.95,"lower_bound":-0.3766773588253368,"upper_bound":-0.1648202496929343},"point_estimate":-0.30564632353685783,"standard_error":0.052934883844505135}}