{"mean":{"confidence_interval":{"confidence_level":0.95,"lower_bound":0.028741512502819144,"upper_bound":0.06127731475037037},"point_estimate":0.04407210655336602,"standard_error":0.008254069953034383},"median":{"confidence_interval":{"confidence_level":0.95,"lower_bound":0.020355990251969557,"upper_bound":0.05660972405899756},"point_estimate":0.03970475718628497,"standard_error":0.009079731312508594}}