{"mean":{"confidence_interval":{"confidence_level":0.95,"lower_bound":8312077.584571429,"upper_bound":8954230.05185714},"point_estimate":8639979.952857142,"standard_error":164056.17608398717},"median":{"confidence_interval":{"confidence_level":0.95,"lower_bound":8565159.0,"upper_bound":9418559.714285715},"point_estimate":9081376.0,"standard_error":202686.54916709644},"median_abs_dev":{"confidence_interval":{"confidence_level":0.95,"lower_bound":963279.1967983751,"upper_bound":1834299.5860346695},"point_estimate":1322723.3819169654,"standard_error":220609.0163298132},"slope":null,"std_dev":{"confidence_interval":{"confidence_level":0.95,"lower_bound":1382215.3139191433,"upper_bound":1890736.8473984147},"point_estimate":1653904.1502995708,"standard_error":129537.33530470089}}