{"mean":{"confidence_interval":{"confidence_level":0.95,"lower_bound":-0.16423702907197854,"upper_bound":-0.09654185330000423},"point_estimate":-0.1304231791044913,"standard_error":0.01732227635883364},"median":{"confidence_interval":{"confidence_level":0.95,"lower_bound":-0.10542986851671443,"upper_bound":-0.024005278739914204},"point_estimate":-0.07138316911746978,"standard_error":0.02302260474116036}}