{"mean":{"confidence_interval":{"confidence_level":0.95,"lower_bound":-0.028121643537563062,"upper_bound":0.036880151475963616},"point_estimate":0.004236452289718917,"standard_error":0.016591580891848052},"median":{"confidence_interval":{"confidence_level":0.95,"lower_bound":-0.004381606333777932,"upper_bound":0.05407347520449046},"point_estimate":0.02278408995381498,"standard_error":0.015183733074821203}}