{"mean":{"confidence_interval":{"confidence_level":0.95,"lower_bound":0.22243575311758296,"upper_bound":0.2859366883706273},"point_estimate":0.25267117154647134,"standard_error":0.016429326241877498},"median":{"confidence_interval":{"confidence_level":0.95,"lower_bound":0.21961030571694184,"upper_bound":0.2989240980324661},"point_estimate":0.2506766537505385,"standard_error":0.02050682845080789}}