{"mean":{"confidence_interval":{"confidence_level":0.95,"lower_bound":-0.0848623587480001,"upper_bound":-0.03940390021031181},"point_estimate":-0.062271553929967416,"standard_error":0.011583917837197222},"median":{"confidence_interval":{"confidence_level":0.95,"lower_bound":-0.08794822635900146,"upper_bound":-0.04034753028652849},"point_estimate":-0.06743531441449702,"standard_error":0.012728755444270844}}