{"mean":{"confidence_interval":{"confidence_level":0.95,"lower_bound":6094459.622527773,"upper_bound":6277327.258111109},"point_estimate":6188539.156666665,"standard_error":46506.60912216502},"median":{"confidence_interval":{"confidence_level":0.95,"lower_bound":6229472.5,"upper_bound":6363263.0},"point_estimate":6333413.5,"standard_error":32841.39151232154},"median_abs_dev":{"confidence_interval":{"confidence_level":0.95,"lower_bound":178808.39325884962,"upper_bound":399752.27776964474},"point_estimate":287749.6745914221,"standard_error":59082.585012484255},"slope":null,"std_dev":{"confidence_interval":{"confidence_level":0.95,"lower_bound":366192.2674714381,"upper_bound":556109.0008629976},"point_estimate":465441.4545700617,"standard_error":48592.52066450896}}