{"mean":{"confidence_interval":{"confidence_level":0.95,"lower_bound":-0.01080215937651774,"upper_bound":0.059847861394393034},"point_estimate":0.024228684934714195,"standard_error":0.01811391548470781},"median":{"confidence_interval":{"confidence_level":0.95,"lower_bound":0.02103322708072012,"upper_bound":0.09352501999718688},"point_estimate":0.06786337222984673,"standard_error":0.019731042187711774}}