{"mean":{"confidence_interval":{"confidence_level":0.95,"lower_bound":0.18347102122956654,"upper_bound":0.2631584059736093},"point_estimate":0.22279626789091633,"standard_error":0.02033078472067428},"median":{"confidence_interval":{"confidence_level":0.95,"lower_bound":0.17761804514960036,"upper_bound":0.28291642100966863},"point_estimate":0.22265551250883875,"standard_error":0.02793872116369508}}