{"mean":{"confidence_interval":{"confidence_level":0.95,"lower_bound":4241739.399571429,"upper_bound":4384626.635482143},"point_estimate":4316146.728571428,"standard_error":36407.309397374695},"median":{"confidence_interval":{"confidence_level":0.95,"lower_bound":4362906.178571429,"upper_bound":4532356.321428571},"point_estimate":4500864.714285715,"standard_error":50385.96280475008},"median_abs_dev":{"confidence_interval":{"confidence_level":0.95,"lower_bound":113301.83480474044,"upper_bound":337817.97585253225},"point_estimate":177080.57595619105,"standard_error":65351.5264115295},"slope":null,"std_dev":{"confidence_interval":{"confidence_level":0.95,"lower_bound":278758.6129321849,"upper_bound":457142.0472080323},"point_estimate":365439.08589913236,"standard_error":46796.626588690924}}