{"mean":{"confidence_interval":{"confidence_level":0.95,"lower_bound":-0.24961550936462398,"upper_bound":-0.15255448528621599},"point_estimate":-0.20283695641372046,"standard_error":0.024777320810756363},"median":{"confidence_interval":{"confidence_level":0.95,"lower_bound":-0.3428280561897138,"upper_bound":-0.1385541847804972},"point_estimate":-0.29522123279262624,"standard_error":0.055226506698290774}}