{"mean":{"confidence_interval":{"confidence_level":0.95,"lower_bound":0.10672851364900748,"upper_bound":0.20967735468860196},"point_estimate":0.15593135844321337,"standard_error":0.026169826513669225},"median":{"confidence_interval":{"confidence_level":0.95,"lower_bound":0.041031539664107,"upper_bound":0.211961504622882},"point_estimate":0.10155961330705354,"standard_error":0.05178208507151853}}