{"mean":{"confidence_interval":{"confidence_level":0.95,"lower_bound":0.03026357670755275,"upper_bound":0.09915490771966587},"point_estimate":0.06537200506992469,"standard_error":0.017552790686821605},"median":{"confidence_interval":{"confidence_level":0.95,"lower_bound":0.00772883332100327,"upper_bound":0.14503161476410864},"point_estimate":0.07995215267086797,"standard_error":0.03630635682262643}}