{"mean":{"confidence_interval":{"confidence_level":0.95,"lower_bound":0.054060774658535524,"upper_bound":0.1269573431234045},"point_estimate":0.09076805396467202,"standard_error":0.018501710090547893},"median":{"confidence_interval":{"confidence_level":0.95,"lower_bound":0.04216660880063072,"upper_bound":0.18707722437950514},"point_estimate":0.10767475188286912,"standard_error":0.03645119577790034}}