{"mean":{"confidence_interval":{"confidence_level":0.95,"lower_bound":-0.13329778598537922,"upper_bound":-0.07892209326639174},"point_estimate":-0.10644292268988043,"standard_error":0.013911046940928904},"median":{"confidence_interval":{"confidence_level":0.95,"lower_bound":-0.11336344186925895,"upper_bound":-0.05070880413348855},"point_estimate":-0.08446132996403177,"standard_error":0.015037537342574426}}