{"mean":{"confidence_interval":{"confidence_level":0.95,"lower_bound":0.14216001708469095,"upper_bound":0.2512671404270779},"point_estimate":0.19239729843940023,"standard_error":0.02819810460652419},"median":{"confidence_interval":{"confidence_level":0.95,"lower_bound":0.08068204970035597,"upper_bound":0.37683269422865884},"point_estimate":0.18008873921090607,"standard_error":0.07296797624412935}}