{"mean":{"confidence_interval":{"confidence_level":0.95,"lower_bound":-0.14689480241504613,"upper_bound":-0.012750433483288701},"point_estimate":-0.08557174918709076,"standard_error":0.03408686205812467},"median":{"confidence_interval":{"confidence_level":0.95,"lower_bound":-0.21566207810487736,"upper_bound":-0.05361754511995287},"point_estimate":-0.15125408040030675,"standard_error":0.040429076259902566}}