{"mean":{"confidence_interval":{"confidence_level":0.95,"lower_bound":-0.15832258929051166,"upper_bound":-0.02809706854605079},"point_estimate":-0.09508425345366789,"standard_error":0.033194234460325135},"median":{"confidence_interval":{"confidence_level":0.95,"lower_bound":-0.14646326322629222,"upper_bound":0.0480258971805263},"point_estimate":-0.032480149538128944,"standard_error":0.05114689379502373}}