{"mean":{"confidence_interval":{"confidence_level":0.95,"lower_bound":6544408.911321428,"upper_bound":7469005.150964286},"point_estimate":6995160.277142857,"standard_error":235420.2787182287},"median":{"confidence_interval":{"confidence_level":0.95,"lower_bound":5508327.285714285,"upper_bound":7125734.857142856},"point_estimate":6654833.642857144,"standard_error":384428.9078336408},"median_abs_dev":{"confidence_interval":{"confidence_level":0.95,"lower_bound":1505650.3790693628,"upper_bound":2932746.4693333427},"point_estimate":2582878.6092447387,"standard_error":387842.18973646604},"slope":null,"std_dev":{"confidence_interval":{"confidence_level":0.95,"lower_bound":2026086.2828961946,"upper_bound":2665916.5911869835},"point_estimate":2368115.774111279,"standard_error":163311.13884551745}}