{"mean":{"confidence_interval":{"confidence_level":0.95,"lower_bound":-0.1443086101048779,"upper_bound":-0.0765977540052375},"point_estimate":-0.11114072847048151,"standard_error":0.017311082101381617},"median":{"confidence_interval":{"confidence_level":0.95,"lower_bound":-0.2260545069179134,"upper_bound":-0.04910568757945429},"point_estimate":-0.1475887440879925,"standard_error":0.04681813292841768}}