{"mean":{"confidence_interval":{"confidence_level":0.95,"lower_bound":-0.14244605290124143,"upper_bound":-0.07010878567113868},"point_estimate":-0.10644104525308595,"standard_error":0.018407492607078507},"median":{"confidence_interval":{"confidence_level":0.95,"lower_bound":-0.21836726325251632,"upper_bound":-0.06844385018469748},"point_estimate":-0.1250541491545789,"standard_error":0.03904084714114035}}