{"mean":{"confidence_interval":{"confidence_level":0.95,"lower_bound":7093890.66915625,"upper_bound":7624162.10015625},"point_estimate":7359926.2325,"standard_error":135752.48226801777},"median":{"confidence_interval":{"confidence_level":0.95,"lower_bound":7232193.75,"upper_bound":7729424.5},"point_estimate":7441452.5,"standard_error":140987.28928307284},"median_abs_dev":{"confidence_interval":{"confidence_level":0.95,"lower_bound":1003078.9136771025,"upper_bound":1706422.7172799408},"point_estimate":1328159.572995454,"standard_error":178383.49432542562},"slope":null,"std_dev":{"confidence_interval":{"confidence_level":0.95,"lower_bound":1186870.5829761152,"upper_bound":1530680.7856229092},"point_estimate":1369460.5206567247,"standard_error":87651.60415912507}}