{"mean":{"confidence_interval":{"confidence_level":0.95,"lower_bound":7267078.208583334,"upper_bound":8063687.41995833},"point_estimate":7664531.366666661,"standard_error":203612.73209559201},"median":{"confidence_interval":{"confidence_level":0.95,"lower_bound":6780774.666666667,"upper_bound":8320894.0},"point_estimate":7607586.333333333,"standard_error":380820.1668952463},"median_abs_dev":{"confidence_interval":{"confidence_level":0.95,"lower_bound":2001014.528974891,"upper_bound":3083361.064909398},"point_estimate":2690303.3025875683,"standard_error":274696.05529974186},"slope":null,"std_dev":{"confidence_interval":{"confidence_level":0.95,"lower_bound":1851258.003440353,"upper_bound":2221120.9345332286},"point_estimate":2051018.1415325273,"standard_error":94407.47518430556}}