{"mean":{"confidence_interval":{"confidence_level":0.95,"lower_bound":-0.08258566733940806,"upper_bound":-0.006681214512562511},"point_estimate":-0.04624592464854316,"standard_error":0.019454513257433914},"median":{"confidence_interval":{"confidence_level":0.95,"lower_bound":-0.09278230780751784,"upper_bound":-0.011458586237641805},"point_estimate":-0.05119888200408651,"standard_error":0.020556228715317433}}