{"mean":{"confidence_interval":{"confidence_level":0.95,"lower_bound":4020999.198979167,"upper_bound":4186617.019333333},"point_estimate":4106137.4816666655,"standard_error":42247.252145388265},"median":{"confidence_interval":{"confidence_level":0.95,"lower_bound":4060319.1666666665,"upper_bound":4200774.75},"point_estimate":4133080.666666667,"standard_error":36633.35348462188},"median_abs_dev":{"confidence_interval":{"confidence_level":0.95,"lower_bound":274304.40785512305,"upper_bound":507585.5833135543},"point_estimate":400694.94366124284,"standard_error":58635.607050146915},"slope":null,"std_dev":{"confidence_interval":{"confidence_level":0.95,"lower_bound":347238.8523325865,"upper_bound":499472.8741788331},"point_estimate":425708.32578022726,"standard_error":39083.21040603451}}