{"mean":{"confidence_interval":{"confidence_level":0.95,"lower_bound":-0.11380657527120007,"upper_bound":-0.022055063165808984},"point_estimate":-0.07008800179962293,"standard_error":0.023410690918343777},"median":{"confidence_interval":{"confidence_level":0.95,"lower_bound":-0.17510765300474207,"upper_bound":0.06041211733847677},"point_estimate":-0.024279787585768764,"standard_error":0.07510928347729472}}