{"mean":{"confidence_interval":{"confidence_level":0.95,"lower_bound":0.05580037769058542,"upper_bound":0.15398885521690353},"point_estimate":0.10428851922930016,"standard_error":0.025038058861865255},"median":{"confidence_interval":{"confidence_level":0.95,"lower_bound":0.012142168754550431,"upper_bound":0.07110791933342808},"point_estimate":0.02419497343216248,"standard_error":0.01509925835864998}}