{"mean":{"confidence_interval":{"confidence_level":0.95,"lower_bound":-0.14044249065923214,"upper_bound":0.026129135143851175},"point_estimate":-0.06032086772886458,"standard_error":0.042507297511013},"median":{"confidence_interval":{"confidence_level":0.95,"lower_bound":-0.06225024891514086,"upper_bound":0.2960516397443671},"point_estimate":0.13310105805350547,"standard_error":0.0908508679303285}}