{"mean":{"confidence_interval":{"confidence_level":0.95,"lower_bound":-0.4097363904916807,"upper_bound":-0.27635803629172534},"point_estimate":-0.34112263013582966,"standard_error":0.03447247452744854},"median":{"confidence_interval":{"confidence_level":0.95,"lower_bound":-0.5478845805966783,"upper_bound":-0.40369690321483775},"point_estimate":-0.4748690504937382,"standard_error":0.03636792167812438}}