{"mean":{"confidence_interval":{"confidence_level":0.95,"lower_bound":0.06223178721039359,"upper_bound":0.1604074424128892},"point_estimate":0.10996425715001412,"standard_error":0.024945635086204804},"median":{"confidence_interval":{"confidence_level":0.95,"lower_bound":0.01397857017149784,"upper_bound":0.1583367567212972},"point_estimate":0.07894740365840591,"standard_error":0.03729543990791438}}