{"mean":{"confidence_interval":{"confidence_level":0.95,"lower_bound":0.04344681061420423,"upper_bound":0.1389378816207111},"point_estimate":0.08806546096156564,"standard_error":0.024513710351927585},"median":{"confidence_interval":{"confidence_level":0.95,"lower_bound":0.02458352355166582,"upper_bound":0.24761045732547382},"point_estimate":0.14046671466423666,"standard_error":0.06388351761899538}}