{"mean":{"confidence_interval":{"confidence_level":0.95,"lower_bound":3241952.707700002,"upper_bound":3512896.8010666673},"point_estimate":3376544.4926666645,"standard_error":69143.9334470985},"median":{"confidence_interval":{"confidence_level":0.95,"lower_bound":3016658.1333333333,"upper_bound":3505118.0666666664},"point_estimate":3332822.166666667,"standard_error":126999.9055810476},"median_abs_dev":{"confidence_interval":{"confidence_level":0.95,"lower_bound":573357.4864208694,"upper_bound":963438.1385755535},"point_estimate":742321.6959011558,"standard_error":102844.14581743281},"slope":null,"std_dev":{"confidence_interval":{"confidence_level":0.95,"lower_bound":617518.6931285643,"upper_bound":760175.0346135725},"point_estimate":694971.4588563155,"standard_error":36452.70336292969}}