{"mean":{"confidence_interval":{"confidence_level":0.95,"lower_bound":3590227.3834852944,"upper_bound":3816475.584397058},"point_estimate":3703615.1376470597,"standard_error":57711.89378035525},"median":{"confidence_interval":{"confidence_level":0.95,"lower_bound":3556888.294117647,"upper_bound":3863368.882352941},"point_estimate":3728533.294117647,"standard_error":84440.0669830454},"median_abs_dev":{"confidence_interval":{"confidence_level":0.95,"lower_bound":512642.6482458324,"upper_bound":824139.8679156516},"point_estimate":701394.7620065776,"standard_error":81293.35982916957},"slope":null,"std_dev":{"confidence_interval":{"confidence_level":0.95,"lower_bound":512929.46815012285,"upper_bound":639262.2335847884},"point_estimate":579945.2200526197,"standard_error":32233.972204799156}}