{"mean":{"confidence_interval":{"confidence_level":0.95,"lower_bound":114906.33607725255,"upper_bound":123086.68291514656},"point_estimate":118941.2319143896,"standard_error":2089.6038987843885},"median":{"confidence_interval":{"confidence_level":0.95,"lower_bound":115790.168125,"upper_bound":122986.95555555556},"point_estimate":119779.8906862745,"standard_error":1950.8364958436384},"median_abs_dev":{"confidence_interval":{"confidence_level":0.95,"lower_bound":15092.565582316529,"upper_bound":27395.713630517494},"point_estimate":21858.483396173782,"standard_error":3080.5549078440536},"slope":{"confidence_interval":{"confidence_level":0.95,"lower_bound":114888.27612863157,"upper_bound":124635.27928933804},"point_estimate":119857.25354898773,"standard_error":2489.622917484096},"std_dev":{"confidence_interval":{"confidence_level":0.95,"lower_bound":17734.52183449987,"upper_bound":24355.927553731886},"point_estimate":20963.242307973585,"standard_error":1708.6979248595223}}