{"mean":{"confidence_interval":{"confidence_level":0.95,"lower_bound":4851899.085799998,"upper_bound":5094826.002524997},"point_estimate":4976930.2009999985,"standard_error":61987.872148134855},"median":{"confidence_interval":{"confidence_level":0.95,"lower_bound":5072410.75,"upper_bound":5392560.6},"point_estimate":5230155.9,"standard_error":104981.4860239002},"median_abs_dev":{"confidence_interval":{"confidence_level":0.95,"lower_bound":159758.89450371184,"upper_bound":566632.1411302699},"point_estimate":349420.86678653874,"standard_error":113800.39115399071},"slope":null,"std_dev":{"confidence_interval":{"confidence_level":0.95,"lower_bound":514902.8417505489,"upper_bound":707395.239543778},"point_estimate":620939.5030980451,"standard_error":49085.157011369636}}