{"mean":{"confidence_interval":{"confidence_level":0.95,"lower_bound":0.44118033829146736,"upper_bound":0.5769848508476093},"point_estimate":0.5084310069530036,"standard_error":0.035357364137249214},"median":{"confidence_interval":{"confidence_level":0.95,"lower_bound":0.3943184710149308,"upper_bound":0.8022393287051484},"point_estimate":0.7216663835009363,"standard_error":0.1283110902776169}}