{"mean":{"confidence_interval":{"confidence_level":0.95,"lower_bound":-0.14292639773601604,"upper_bound":-0.08860270673176483},"point_estimate":-0.11601978317362238,"standard_error":0.013828564889799434},"median":{"confidence_interval":{"confidence_level":0.95,"lower_bound":-0.12956127601304268,"upper_bound":-0.05672810061389651},"point_estimate":-0.09388734969089818,"standard_error":0.01706432254775271}}