{"mean":{"confidence_interval":{"confidence_level":0.95,"lower_bound":-0.16126474778934782,"upper_bound":-0.0708447486876566},"point_estimate":-0.11603548992122903,"standard_error":0.023014013412975237},"median":{"confidence_interval":{"confidence_level":0.95,"lower_bound":-0.24340832284267688,"upper_bound":-0.10211137654976876},"point_estimate":-0.1887704748095529,"standard_error":0.03669367743094}}