{"mean":{"confidence_interval":{"confidence_level":0.95,"lower_bound":0.047965738209858416,"upper_bound":0.17429222528205035},"point_estimate":0.11021318834563032,"standard_error":0.0322769725662465},"median":{"confidence_interval":{"confidence_level":0.95,"lower_bound":0.08030362091179111,"upper_bound":0.3000101461917224},"point_estimate":0.20498017920705136,"standard_error":0.057277463454891375}}