{"mean":{"confidence_interval":{"confidence_level":0.95,"lower_bound":-0.0986948326910626,"upper_bound":-0.024773250285313256},"point_estimate":-0.06278415739269305,"standard_error":0.01881786371441945},"median":{"confidence_interval":{"confidence_level":0.95,"lower_bound":-0.1147360343388607,"upper_bound":0.008096727129215608},"point_estimate":-0.04915119999367601,"standard_error":0.0317740407481182}}