{"mean":{"confidence_interval":{"confidence_level":0.95,"lower_bound":0.2637192297874715,"upper_bound":0.33941812740572014},"point_estimate":0.30083006671736645,"standard_error":0.0193610368964898},"median":{"confidence_interval":{"confidence_level":0.95,"lower_bound":0.31297919835767835,"upper_bound":0.4026555593565171},"point_estimate":0.35985039557908727,"standard_error":0.023858214420736514}}