{"mean":{"confidence_interval":{"confidence_level":0.95,"lower_bound":-0.14544436694224536,"upper_bound":-0.06999511642297068},"point_estimate":-0.10958443622523673,"standard_error":0.01928870503906394},"median":{"confidence_interval":{"confidence_level":0.95,"lower_bound":-0.20631377437173581,"upper_bound":-0.051247664801387316},"point_estimate":-0.15916259015242828,"standard_error":0.042873989195652766}}