{"mean":{"confidence_interval":{"confidence_level":0.95,"lower_bound":828669.5774290974,"upper_bound":909424.4793362302},"point_estimate":869022.9297223481,"standard_error":20535.411886831527},"median":{"confidence_interval":{"confidence_level":0.95,"lower_bound":781145.3586956522,"upper_bound":963275.6767676767},"point_estimate":854258.2628284072,"standard_error":46518.14270027258},"median_abs_dev":{"confidence_interval":{"confidence_level":0.95,"lower_bound":219383.5867558972,"upper_bound":318065.99541830603},"point_estimate":281050.9791205546,"standard_error":25396.622054691892},"slope":{"confidence_interval":{"confidence_level":0.95,"lower_bound":961410.4990363597,"upper_bound":1039099.9594487186},"point_estimate":1002996.2840195064,"standard_error":19847.579006467524},"std_dev":{"confidence_interval":{"confidence_level":0.95,"lower_bound":188010.27026702452,"upper_bound":221830.2180544244},"point_estimate":206417.71925771004,"standard_error":8653.75365833075}}