{"mean":{"confidence_interval":{"confidence_level":0.95,"lower_bound":-0.03211021992272666,"upper_bound":0.035275325100215395},"point_estimate":0.0014389846770530568,"standard_error":0.01727857715415143},"median":{"confidence_interval":{"confidence_level":0.95,"lower_bound":-0.015225483037460187,"upper_bound":0.044599124540505075},"point_estimate":0.01672511148443201,"standard_error":0.014422490395500597}}