{"mean":{"confidence_interval":{"confidence_level":0.95,"lower_bound":-0.047510917205918456,"upper_bound":0.02022687011264312},"point_estimate":-0.013269043440403805,"standard_error":0.01721452070024246},"median":{"confidence_interval":{"confidence_level":0.95,"lower_bound":-0.06739467722624182,"upper_bound":0.025511741002378407},"point_estimate":-0.0069366464610838285,"standard_error":0.022474254788145676}}