{"mean":{"confidence_interval":{"confidence_level":0.95,"lower_bound":-0.06529727584694199,"upper_bound":-0.01452024314163371},"point_estimate":-0.04127507219187265,"standard_error":0.012969645308181867},"median":{"confidence_interval":{"confidence_level":0.95,"lower_bound":-0.05610252531979143,"upper_bound":-0.015038586267277831},"point_estimate":-0.03953626122271503,"standard_error":0.01014206840824979}}