{"mean":{"confidence_interval":{"confidence_level":0.95,"lower_bound":2745707.041578947,"upper_bound":2822970.852513158},"point_estimate":2784567.1642105263,"standard_error":19728.23463292747},"median":{"confidence_interval":{"confidence_level":0.95,"lower_bound":2772454.3684210526,"upper_bound":2847611.210526316},"point_estimate":2818380.736842105,"standard_error":18461.53831392222},"median_abs_dev":{"confidence_interval":{"confidence_level":0.95,"lower_bound":119826.14885160804,"upper_bound":203044.40734260977},"point_estimate":151715.78184334878,"standard_error":21512.22748645166},"slope":null,"std_dev":{"confidence_interval":{"confidence_level":0.95,"lower_bound":164827.7919373363,"upper_bound":228605.86895275535},"point_estimate":198064.6603832562,"standard_error":16281.85350627979}}