{"mean":{"confidence_interval":{"confidence_level":0.95,"lower_bound":0.06626274408640992,"upper_bound":0.14937938656064212},"point_estimate":0.1069670361237467,"standard_error":0.021463994145082807},"median":{"confidence_interval":{"confidence_level":0.95,"lower_bound":0.03693416581949904,"upper_bound":0.15912904947446682},"point_estimate":0.06472455082488837,"standard_error":0.02669723695268166}}