{"mean":{"confidence_interval":{"confidence_level":0.95,"lower_bound":0.002623430874330479,"upper_bound":0.07694053879525745},"point_estimate":0.039181296069279004,"standard_error":0.018918972894893814},"median":{"confidence_interval":{"confidence_level":0.95,"lower_bound":0.026028174593272446,"upper_bound":0.15202738420057638},"point_estimate":0.1149674656172095,"standard_error":0.02882032567124466}}