{"mean":{"confidence_interval":{"confidence_level":0.95,"lower_bound":-0.39488038738972464,"upper_bound":-0.2968825614116879},"point_estimate":-0.3484050186700398,"standard_error":0.02505090750537977},"median":{"confidence_interval":{"confidence_level":0.95,"lower_bound":-0.4718198855444401,"upper_bound":-0.2947764473347694},"point_estimate":-0.36226232066709074,"standard_error":0.045587712331182396}}