{"mean":{"confidence_interval":{"confidence_level":0.95,"lower_bound":-0.10882867175525364,"upper_bound":0.03667994385304361},"point_estimate":-0.03935399634515779,"standard_error":0.03733173537526981},"median":{"confidence_interval":{"confidence_level":0.95,"lower_bound":-0.2212323714092208,"upper_bound":0.059401004642444244},"point_estimate":-0.1351974762725815,"standard_error":0.07629106767850324}}