{"mean":{"confidence_interval":{"confidence_level":0.95,"lower_bound":-0.04028172594727411,"upper_bound":0.001971939765803134},"point_estimate":-0.019582965819015086,"standard_error":0.010778946828206942},"median":{"confidence_interval":{"confidence_level":0.95,"lower_bound":-0.033080036307355565,"upper_bound":0.011338056398096263},"point_estimate":-0.007757154429257618,"standard_error":0.011748707014155719}}