{"mean":{"confidence_interval":{"confidence_level":0.95,"lower_bound":0.05517903432216856,"upper_bound":0.1043821725959971},"point_estimate":0.08062935164755092,"standard_error":0.012670348962732735},"median":{"confidence_interval":{"confidence_level":0.95,"lower_bound":0.0509913320255484,"upper_bound":0.08884032782057145},"point_estimate":0.06773927434549587,"standard_error":0.01005582791508291}}