{"mean":{"confidence_interval":{"confidence_level":0.95,"lower_bound":6191198.417166669,"upper_bound":6337170.096222225},"point_estimate":6265280.792222223,"standard_error":37208.978328090336},"median":{"confidence_interval":{"confidence_level":0.95,"lower_bound":6267719.055555556,"upper_bound":6343334.555555556},"point_estimate":6300723.888888889,"standard_error":19680.066506661977},"median_abs_dev":{"confidence_interval":{"confidence_level":0.95,"lower_bound":111593.73505214858,"upper_bound":263035.12015352707},"point_estimate":140378.08407445787,"standard_error":40850.41731195868},"slope":null,"std_dev":{"confidence_interval":{"confidence_level":0.95,"lower_bound":281996.79304900806,"upper_bound":456642.9649789971},"point_estimate":374367.48262968904,"standard_error":44762.64602315274}}