{"mean":{"confidence_interval":{"confidence_level":0.95,"lower_bound":-0.17251354829046472,"upper_bound":-0.054712928643622316},"point_estimate":-0.11614229463377945,"standard_error":0.0300882707733388},"median":{"confidence_interval":{"confidence_level":0.95,"lower_bound":-0.24064400074600956,"upper_bound":-0.05566145474852269},"point_estimate":-0.15574746402057793,"standard_error":0.04873440631618054}}