{"mean":{"confidence_interval":{"confidence_level":0.95,"lower_bound":0.1934667311606606,"upper_bound":0.36581111729276944},"point_estimate":0.2738328413948452,"standard_error":0.04395695053557057},"median":{"confidence_interval":{"confidence_level":0.95,"lower_bound":0.20744706866380258,"upper_bound":0.40940897999500203},"point_estimate":0.28107454486878924,"standard_error":0.054718747788557544}}