{"mean":{"confidence_interval":{"confidence_level":0.95,"lower_bound":-0.037150181199644305,"upper_bound":0.001995136392329349},"point_estimate":-0.017568391325019972,"standard_error":0.010048467921661069},"median":{"confidence_interval":{"confidence_level":0.95,"lower_bound":-0.02856362700298487,"upper_bound":-0.0011799051768723867},"point_estimate":-0.010640872304659932,"standard_error":0.007570368392966795}}