{"mean":{"confidence_interval":{"confidence_level":0.95,"lower_bound":6006048.024638889,"upper_bound":6231705.879333331},"point_estimate":6125169.247777778,"standard_error":57465.75934036538},"median":{"confidence_interval":{"confidence_level":0.95,"lower_bound":6244220.0,"upper_bound":6334194.666666667},"point_estimate":6307050.722222222,"standard_error":22767.796057335665},"median_abs_dev":{"confidence_interval":{"confidence_level":0.95,"lower_bound":156029.39779659128,"upper_bound":366825.0646350533},"point_estimate":264381.5927396219,"standard_error":52836.30197293286},"slope":null,"std_dev":{"confidence_interval":{"confidence_level":0.95,"lower_bound":407713.7083474483,"upper_bound":727379.3372909034},"point_estimate":575769.5770226361,"standard_error":81929.56579276193}}