{"mean":{"confidence_interval":{"confidence_level":0.95,"lower_bound":20340535.060750008,"upper_bound":21525091.024666667},"point_estimate":20933205.93666667,"standard_error":302601.8647651879},"median":{"confidence_interval":{"confidence_level":0.95,"lower_bound":20174969.166666664,"upper_bound":22016108.0},"point_estimate":21330767.666666668,"standard_error":530292.2061843704},"median_abs_dev":{"confidence_interval":{"confidence_level":0.95,"lower_bound":2518931.919080017,"upper_bound":4287844.1866755495},"point_estimate":3465849.742668866,"standard_error":436863.6359891554},"slope":null,"std_dev":{"confidence_interval":{"confidence_level":0.95,"lower_bound":2680013.52687817,"upper_bound":3368448.383388135},"point_estimate":3044927.662394796,"standard_error":175106.02431533183}}