{"mean":{"confidence_interval":{"confidence_level":0.95,"lower_bound":20071968.779749997,"upper_bound":21289110.29083333},"point_estimate":20689375.853333335,"standard_error":311405.6996403332},"median":{"confidence_interval":{"confidence_level":0.95,"lower_bound":20201912.833333332,"upper_bound":21795802.0},"point_estimate":21011523.666666664,"standard_error":372113.9333183411},"median_abs_dev":{"confidence_interval":{"confidence_level":0.95,"lower_bound":2211392.7471399307,"upper_bound":3775800.610566141},"point_estimate":2945536.471006279,"standard_error":407079.7534225736},"slope":null,"std_dev":{"confidence_interval":{"confidence_level":0.95,"lower_bound":2715934.331484348,"upper_bound":3507644.629769571},"point_estimate":3140621.031644252,"standard_error":202789.1429924147}}