{"mean":{"confidence_interval":{"confidence_level":0.95,"lower_bound":0.00288046774409607,"upper_bound":0.18821908919614533},"point_estimate":0.0950091528335888,"standard_error":0.04738394971160137},"median":{"confidence_interval":{"confidence_level":0.95,"lower_bound":0.018396071930230296,"upper_bound":0.320246272540337},"point_estimate":0.09421597640078372,"standard_error":0.06865996342151685}}