{"mean":{"confidence_interval":{"confidence_level":0.95,"lower_bound":0.023609245583204,"upper_bound":0.10646233432150444},"point_estimate":0.06162463431184073,"standard_error":0.021508217039133595},"median":{"confidence_interval":{"confidence_level":0.95,"lower_bound":-0.04802819632552836,"upper_bound":0.023718061146085434},"point_estimate":-0.020592119637597994,"standard_error":0.01919367110305158}}