{"mean":{"confidence_interval":{"confidence_level":0.95,"lower_bound":0.0002462295033326394,"upper_bound":0.04351379038626021},"point_estimate":0.020894893937683623,"standard_error":0.011018814933857195},"median":{"confidence_interval":{"confidence_level":0.95,"lower_bound":-0.004049295210969861,"upper_bound":0.014980802646307412},"point_estimate":0.00294175602647484,"standard_error":0.005141758775410397}}