{"mean":{"confidence_interval":{"confidence_level":0.95,"lower_bound":1604748.9664078942,"upper_bound":1914849.825210526},"point_estimate":1755082.062631579,"standard_error":79096.75004182466},"median":{"confidence_interval":{"confidence_level":0.95,"lower_bound":1253234.5789473685,"upper_bound":1517017.0},"point_estimate":1384023.5526315789,"standard_error":63715.482936539025},"median_abs_dev":{"confidence_interval":{"confidence_level":0.95,"lower_bound":171647.23163686288,"upper_bound":506715.4499408446},"point_estimate":329055.8072212495,"standard_error":84422.69675646901},"slope":null,"std_dev":{"confidence_interval":{"confidence_level":0.95,"lower_bound":651878.8645137212,"upper_bound":901231.4800506256},"point_estimate":791531.6439770749,"standard_error":63824.054531405076}}