{"mean":{"confidence_interval":{"confidence_level":0.95,"lower_bound":-0.06613092860209013,"upper_bound":0.04820803521418665},"point_estimate":-0.012127394162987915,"standard_error":0.029128785542382834},"median":{"confidence_interval":{"confidence_level":0.95,"lower_bound":-0.06821064492843254,"upper_bound":0.02159334934615152},"point_estimate":-0.003992874510413413,"standard_error":0.024055311493257254}}