{"mean":{"confidence_interval":{"confidence_level":0.95,"lower_bound":0.12903789310127137,"upper_bound":0.27220019154027103},"point_estimate":0.19713255807287688,"standard_error":0.036347396431680994},"median":{"confidence_interval":{"confidence_level":0.95,"lower_bound":0.098560755179665,"upper_bound":0.2589416562599325},"point_estimate":0.16123707858376313,"standard_error":0.04145875536232841}}