{"mean":{"confidence_interval":{"confidence_level":0.95,"lower_bound":16574755.590499999,"upper_bound":17489245.40875},"point_estimate":17051700.3475,"standard_error":233618.3874909634},"median":{"confidence_interval":{"confidence_level":0.95,"lower_bound":17370082.75,"upper_bound":18114717.0},"point_estimate":17846891.0,"standard_error":197237.3011705181},"median_abs_dev":{"confidence_interval":{"confidence_level":0.95,"lower_bound":818018.2344272733,"upper_bound":1865572.568980715},"point_estimate":1410431.0841098428,"standard_error":263786.76539932773},"slope":null,"std_dev":{"confidence_interval":{"confidence_level":0.95,"lower_bound":1739307.4261617232,"upper_bound":2927554.573354611},"point_estimate":2347597.411987396,"standard_error":305086.35806510405}}