{"mean":{"confidence_interval":{"confidence_level":0.95,"lower_bound":14680684.504562499,"upper_bound":16046308.993875},"point_estimate":15379535.7575,"standard_error":348701.3409698128},"median":{"confidence_interval":{"confidence_level":0.95,"lower_bound":15661034.875,"upper_bound":17104040.625},"point_estimate":16354624.625,"standard_error":371875.27796106925},"median_abs_dev":{"confidence_interval":{"confidence_level":0.95,"lower_bound":2223468.1532755494,"upper_bound":4163503.221783042},"point_estimate":3149864.6311037242,"standard_error":463683.69533865404},"slope":null,"std_dev":{"confidence_interval":{"confidence_level":0.95,"lower_bound":3006788.0332642132,"upper_bound":3941463.959827588},"point_estimate":3511404.0345406905,"standard_error":238223.8718610898}}