{"mean":{"confidence_interval":{"confidence_level":0.95,"lower_bound":0.06646469537327744,"upper_bound":0.20179514886234565},"point_estimate":0.1303202699244752,"standard_error":0.034249835348680396},"median":{"confidence_interval":{"confidence_level":0.95,"lower_bound":0.010589972376063937,"upper_bound":0.16617686290524913},"point_estimate":0.08427025181265813,"standard_error":0.03987378810659778}}