{"mean":{"confidence_interval":{"confidence_level":0.95,"lower_bound":-0.058295377909171345,"upper_bound":0.03050189889285864},"point_estimate":-0.014072372345934947,"standard_error":0.022485194122434524},"median":{"confidence_interval":{"confidence_level":0.95,"lower_bound":-0.09526486765733377,"upper_bound":0.02220781952944728},"point_estimate":-0.043551588055798396,"standard_error":0.029737360619549697}}