{"mean":{"confidence_interval":{"confidence_level":0.95,"lower_bound":-0.009074288953490285,"upper_bound":0.04423584606199832},"point_estimate":0.016679979032095504,"standard_error":0.013580998578737992},"median":{"confidence_interval":{"confidence_level":0.95,"lower_bound":-0.014011129778095044,"upper_bound":0.01739366957642874},"point_estimate":0.007394750081399337,"standard_error":0.0073353379285490865}}