{"mean":{"confidence_interval":{"confidence_level":0.95,"lower_bound":-0.012508311216468995,"upper_bound":0.025034024691169162},"point_estimate":0.005888181342649679,"standard_error":0.009584316362072434},"median":{"confidence_interval":{"confidence_level":0.95,"lower_bound":-0.009699239435264406,"upper_bound":0.006461333159556525},"point_estimate":-0.005146083786794486,"standard_error":0.004360331216562304}}