{"mean":{"confidence_interval":{"confidence_level":0.95,"lower_bound":0.10155315661823822,"upper_bound":0.1953671901096351},"point_estimate":0.14958862816408103,"standard_error":0.023981713547534384},"median":{"confidence_interval":{"confidence_level":0.95,"lower_bound":0.10190537031685687,"upper_bound":0.2163941476178659},"point_estimate":0.1680311428034047,"standard_error":0.028435964374967686}}