{"mean":{"confidence_interval":{"confidence_level":0.95,"lower_bound":-0.052454474030277705,"upper_bound":0.058792716483090444},"point_estimate":0.000383939504145836,"standard_error":0.02834843599801232},"median":{"confidence_interval":{"confidence_level":0.95,"lower_bound":-0.12550383755268835,"upper_bound":-0.0059267840610116584},"point_estimate":-0.07675576693512731,"standard_error":0.0301447241564591}}