{"mean":{"confidence_interval":{"confidence_level":0.95,"lower_bound":0.006307855881779626,"upper_bound":0.050638912877320544},"point_estimate":0.028043207353058763,"standard_error":0.011317963473065334},"median":{"confidence_interval":{"confidence_level":0.95,"lower_bound":0.022456340168568515,"upper_bound":0.08667204840897423},"point_estimate":0.0641866523224377,"standard_error":0.015154739759311997}}