{"mean":{"confidence_interval":{"confidence_level":0.95,"lower_bound":0.12374634713107216,"upper_bound":0.18835228152420833},"point_estimate":0.15549615697611885,"standard_error":0.0164648230265923},"median":{"confidence_interval":{"confidence_level":0.95,"lower_bound":0.10419063502599357,"upper_bound":0.2172888278329943},"point_estimate":0.15148353959886895,"standard_error":0.02949765054802101}}