{"mean":{"confidence_interval":{"confidence_level":0.95,"lower_bound":6173630.59779167,"upper_bound":7148674.004500001},"point_estimate":6645848.370000001,"standard_error":248558.56683024165},"median":{"confidence_interval":{"confidence_level":0.95,"lower_bound":5035447.833333333,"upper_bound":6716070.5},"point_estimate":5361757.333333333,"standard_error":413004.85593420727},"median_abs_dev":{"confidence_interval":{"confidence_level":0.95,"lower_bound":861893.3096483359,"upper_bound":2757007.205103338},"point_estimate":1691809.038214385,"standard_error":467385.5434879728},"slope":null,"std_dev":{"confidence_interval":{"confidence_level":0.95,"lower_bound":2041584.8733217933,"upper_bound":2929979.61541352},"point_estimate":2491944.3464862327,"standard_error":228657.313450321}}