{"mean":{"confidence_interval":{"confidence_level":0.95,"lower_bound":2648923.6675694454,"upper_bound":2767847.8480416676},"point_estimate":2711320.116666666,"standard_error":30440.72891259601},"median":{"confidence_interval":{"confidence_level":0.95,"lower_bound":2774493.166666667,"upper_bound":2831265.388888889},"point_estimate":2808612.75,"standard_error":15240.595227739259},"median_abs_dev":{"confidence_interval":{"confidence_level":0.95,"lower_bound":81402.56338814925,"upper_bound":188036.09549502516},"point_estimate":136824.6214042108,"standard_error":27330.338286246104},"slope":null,"std_dev":{"confidence_interval":{"confidence_level":0.95,"lower_bound":216779.289323075,"upper_bound":393132.15404312377},"point_estimate":305658.824278305,"standard_error":45459.533922949195}}