{"mean":{"confidence_interval":{"confidence_level":0.95,"lower_bound":-0.09910145553206216,"upper_bound":-0.04645315470396283},"point_estimate":-0.07294445468979616,"standard_error":0.013482835275127463},"median":{"confidence_interval":{"confidence_level":0.95,"lower_bound":-0.08855056754037638,"upper_bound":-0.04396327807062639},"point_estimate":-0.06856690464182591,"standard_error":0.011069305074964033}}