{"mean":{"confidence_interval":{"confidence_level":0.95,"lower_bound":0.02396443595992702,"upper_bound":0.08967615081270577},"point_estimate":0.05584052441668397,"standard_error":0.01678552693230877},"median":{"confidence_interval":{"confidence_level":0.95,"lower_bound":0.07114428177762888,"upper_bound":0.1072396605233481},"point_estimate":0.08835605401960667,"standard_error":0.009260004351917313}}