{"mean":{"confidence_interval":{"confidence_level":0.95,"lower_bound":-0.06677985426050297,"upper_bound":0.023367050065609546},"point_estimate":-0.022161965788120352,"standard_error":0.023009095430350523},"median":{"confidence_interval":{"confidence_level":0.95,"lower_bound":0.011651448673417487,"upper_bound":0.06463073339905034},"point_estimate":0.03465213556975044,"standard_error":0.014102588896140014}}