{"mean":{"confidence_interval":{"confidence_level":0.95,"lower_bound":0.028738613038724947,"upper_bound":0.1301556978072716},"point_estimate":0.07751582651048228,"standard_error":0.025840352601796786},"median":{"confidence_interval":{"confidence_level":0.95,"lower_bound":0.008724642605621072,"upper_bound":0.0486477080430483},"point_estimate":0.02391515521852683,"standard_error":0.010512310688691268}}