{"mean":{"confidence_interval":{"confidence_level":0.95,"lower_bound":732866.2728348165,"upper_bound":785758.4996146285},"point_estimate":759970.0608310247,"standard_error":13470.105969708688},"median":{"confidence_interval":{"confidence_level":0.95,"lower_bound":770326.3333333334,"upper_bound":840600.2195121951},"point_estimate":809379.4156989248,"standard_error":17629.684834961557},"median_abs_dev":{"confidence_interval":{"confidence_level":0.95,"lower_bound":56223.22429430607,"upper_bound":129046.12079156196},"point_estimate":88084.05189405147,"standard_error":17189.465321076357},"slope":{"confidence_interval":{"confidence_level":0.95,"lower_bound":816606.4074710293,"upper_bound":842766.8964395424},"point_estimate":831075.2001256095,"standard_error":6673.339751336137},"std_dev":{"confidence_interval":{"confidence_level":0.95,"lower_bound":112784.59765410163,"upper_bound":156259.97959318632},"point_estimate":136476.43287472232,"standard_error":11068.530578745651}}