{"mean":{"confidence_interval":{"confidence_level":0.95,"lower_bound":-0.16983081935846367,"upper_bound":-0.0846413118711625},"point_estimate":-0.12783638409743792,"standard_error":0.02169644416368115},"median":{"confidence_interval":{"confidence_level":0.95,"lower_bound":-0.1489957619341866,"upper_bound":0.007405711109722102},"point_estimate":-0.06966689443415641,"standard_error":0.038891270040413865}}