{"mean":{"confidence_interval":{"confidence_level":0.95,"lower_bound":-0.09167482681188667,"upper_bound":0.013166169255899916},"point_estimate":-0.03925368098369719,"standard_error":0.026632041184416262},"median":{"confidence_interval":{"confidence_level":0.95,"lower_bound":-0.14002246642024174,"upper_bound":0.025455256559880013},"point_estimate":-0.0684269092731079,"standard_error":0.04113212540173295}}