{"mean":{"confidence_interval":{"confidence_level":0.95,"lower_bound":0.22702412794115684,"upper_bound":0.39180638960340636},"point_estimate":0.3071143795163631,"standard_error":0.042139358122309074},"median":{"confidence_interval":{"confidence_level":0.95,"lower_bound":0.32869702209720986,"upper_bound":0.5970619491771096},"point_estimate":0.4630573638635813,"standard_error":0.06114763706270575}}