{"mean":{"confidence_interval":{"confidence_level":0.95,"lower_bound":0.16110097727071765,"upper_bound":0.2917696775995032},"point_estimate":0.22438347057774588,"standard_error":0.033366635945945446},"median":{"confidence_interval":{"confidence_level":0.95,"lower_bound":0.1675593062621057,"upper_bound":0.3242672188550053},"point_estimate":0.23631432230575644,"standard_error":0.03932976121331437}}