{"mean":{"confidence_interval":{"confidence_level":0.95,"lower_bound":-0.033992237119637586,"upper_bound":0.013447397482709775},"point_estimate":-0.010070747210423003,"standard_error":0.012125482901454923},"median":{"confidence_interval":{"confidence_level":0.95,"lower_bound":-0.02205821588380774,"upper_bound":0.036988479319980686},"point_estimate":0.013104264725580572,"standard_error":0.014406844478711992}}