{"mean":{"confidence_interval":{"confidence_level":0.95,"lower_bound":0.17253139983132976,"upper_bound":0.24413299230734326},"point_estimate":0.2098645049535941,"standard_error":0.01822937866801283},"median":{"confidence_interval":{"confidence_level":0.95,"lower_bound":0.1317978192954219,"upper_bound":0.2050011084150749},"point_estimate":0.18740367218179466,"standard_error":0.01652006322700076}}