{"mean":{"confidence_interval":{"confidence_level":0.95,"lower_bound":-0.034926978846587034,"upper_bound":0.0753034771755633},"point_estimate":0.015491492464354328,"standard_error":0.028165759158171946},"median":{"confidence_interval":{"confidence_level":0.95,"lower_bound":-0.029297165427685012,"upper_bound":0.09986342190475739},"point_estimate":0.044964852057542304,"standard_error":0.0344040264574306}}