{"mean":{"confidence_interval":{"confidence_level":0.95,"lower_bound":0.053756884976818624,"upper_bound":0.14808750570403462},"point_estimate":0.09853001438632769,"standard_error":0.023998021289169752},"median":{"confidence_interval":{"confidence_level":0.95,"lower_bound":-0.03396827193069052,"upper_bound":0.07523271971473397},"point_estimate":-0.0007723469754413737,"standard_error":0.03137226835532351}}