{"mean":{"confidence_interval":{"confidence_level":0.95,"lower_bound":4824725.358175,"upper_bound":4997239.117275001},"point_estimate":4911957.090999999,"standard_error":44109.391824175385},"median":{"confidence_interval":{"confidence_level":0.95,"lower_bound":4885835.3,"upper_bound":4969074.0},"point_estimate":4919162.7,"standard_error":22171.55777817107},"median_abs_dev":{"confidence_interval":{"confidence_level":0.95,"lower_bound":190218.6144429448,"upper_bound":455118.0134600406},"point_estimate":316963.78816276777,"standard_error":62761.259675219095},"slope":null,"std_dev":{"confidence_interval":{"confidence_level":0.95,"lower_bound":363463.47504883277,"upper_bound":510838.39805722196},"point_estimate":442358.7091944403,"standard_error":37568.11442550776}}