{"mean":{"confidence_interval":{"confidence_level":0.95,"lower_bound":-0.14522093134019443,"upper_bound":-0.06593197611246679},"point_estimate":-0.10357830172008198,"standard_error":0.020079897607332007},"median":{"confidence_interval":{"confidence_level":0.95,"lower_bound":-0.14559046866902536,"upper_bound":-0.0436512280323591},"point_estimate":-0.09240483421167267,"standard_error":0.026688733922761637}}