{"mean":{"confidence_interval":{"confidence_level":0.95,"lower_bound":-0.05188396160469792,"upper_bound":0.009248946387604878},"point_estimate":-0.019388089952032783,"standard_error":0.015376162312038486},"median":{"confidence_interval":{"confidence_level":0.95,"lower_bound":-0.033279958245352015,"upper_bound":0.02559060346523199},"point_estimate":0.003258251019271796,"standard_error":0.015443137192114952}}