{"mean":{"confidence_interval":{"confidence_level":0.95,"lower_bound":19225479.333833348,"upper_bound":21353568.58258333},"point_estimate":20319894.026666675,"standard_error":542608.264386891},"median":{"confidence_interval":{"confidence_level":0.95,"lower_bound":19963334.666666668,"upper_bound":22768664.0},"point_estimate":21334977.333333332,"standard_error":591026.3591605901},"median_abs_dev":{"confidence_interval":{"confidence_level":0.95,"lower_bound":3664356.0415446768,"upper_bound":5741675.222134883},"point_estimate":4920583.755642174,"standard_error":506737.9258253256},"slope":null,"std_dev":{"confidence_interval":{"confidence_level":0.95,"lower_bound":4469473.370774893,"upper_bound":6342549.258928611},"point_estimate":5474213.114204729,"standard_error":478720.7851929201}}