{"mean":{"confidence_interval":{"confidence_level":0.95,"lower_bound":548984.8728060127,"upper_bound":578352.022622193},"point_estimate":563459.8358718203,"standard_error":7493.122224611838},"median":{"confidence_interval":{"confidence_level":0.95,"lower_bound":518157.3085585586,"upper_bound":602752.984375},"point_estimate":564552.4603174604,"standard_error":21316.078673275377},"median_abs_dev":{"confidence_interval":{"confidence_level":0.95,"lower_bound":65411.82899370788,"upper_bound":112957.56368085778},"point_estimate":92663.7781819483,"standard_error":11328.54744447901},"slope":{"confidence_interval":{"confidence_level":0.95,"lower_bound":561136.4269732471,"upper_bound":602170.8827514926},"point_estimate":581212.3751012265,"standard_error":10401.311794349702},"std_dev":{"confidence_interval":{"confidence_level":0.95,"lower_bound":65104.393885553174,"upper_bound":85961.54706725384},"point_estimate":74912.77693749766,"standard_error":5432.409541270678}}