{"mean":{"confidence_interval":{"confidence_level":0.95,"lower_bound":0.01474829085591717,"upper_bound":0.07458551838595455},"point_estimate":0.04429986668062491,"standard_error":0.015176942885606599},"median":{"confidence_interval":{"confidence_level":0.95,"lower_bound":0.0021032439173480633,"upper_bound":0.08231710382211666},"point_estimate":0.03448264419032809,"standard_error":0.02239708554732735}}