{"mean":{"confidence_interval":{"confidence_level":0.95,"lower_bound":-0.12786936178612643,"upper_bound":-0.05772142245899639},"point_estimate":-0.09283606059148375,"standard_error":0.017173820443153884},"median":{"confidence_interval":{"confidence_level":0.95,"lower_bound":-0.08637802760273428,"upper_bound":-0.011301892618940879},"point_estimate":-0.050081187082986145,"standard_error":0.019293436991991948}}