{"mean":{"confidence_interval":{"confidence_level":0.95,"lower_bound":0.060064072796037246,"upper_bound":0.15571761260668157},"point_estimate":0.10851319110518265,"standard_error":0.0244634909226028},"median":{"confidence_interval":{"confidence_level":0.95,"lower_bound":0.05192682592027276,"upper_bound":0.2609240348096795},"point_estimate":0.17522117750873556,"standard_error":0.052875814796738585}}