{"mean":{"confidence_interval":{"confidence_level":0.95,"lower_bound":0.05155546020338632,"upper_bound":0.15054763093852247},"point_estimate":0.0988519997769095,"standard_error":0.025416413390941427},"median":{"confidence_interval":{"confidence_level":0.95,"lower_bound":0.01637378689899105,"upper_bound":0.1780349282290267},"point_estimate":0.09975648040197771,"standard_error":0.044908107758664745}}