{"mean":{"confidence_interval":{"confidence_level":0.95,"lower_bound":-0.044366534921359266,"upper_bound":0.007826459232607115},"point_estimate":-0.018446258530850912,"standard_error":0.013545046558857318},"median":{"confidence_interval":{"confidence_level":0.95,"lower_bound":-0.020477612631663367,"upper_bound":0.011434497818427092},"point_estimate":-0.0027772691204296374,"standard_error":0.007945088184047365}}