{"mean":{"confidence_interval":{"confidence_level":0.95,"lower_bound":-0.12237261006948028,"upper_bound":-0.029306551025664717},"point_estimate":-0.07647837152799619,"standard_error":0.023755107376950246},"median":{"confidence_interval":{"confidence_level":0.95,"lower_bound":-0.13111465477815165,"upper_bound":-0.04819391710225973},"point_estimate":-0.08856618254536619,"standard_error":0.020223245892730706}}