{"mean":{"confidence_interval":{"confidence_level":0.95,"lower_bound":-0.06585703316064756,"upper_bound":0.013092906073221552},"point_estimate":-0.02661778104678214,"standard_error":0.020036532601750763},"median":{"confidence_interval":{"confidence_level":0.95,"lower_bound":-0.05886392176145261,"upper_bound":-0.013895808814604282},"point_estimate":-0.03881331734089821,"standard_error":0.01116081939699315}}