{"mean":{"confidence_interval":{"confidence_level":0.95,"lower_bound":-0.01486829330637625,"upper_bound":0.08635572326811514},"point_estimate":0.03442000687558622,"standard_error":0.026219084623730446},"median":{"confidence_interval":{"confidence_level":0.95,"lower_bound":-0.022770031356663112,"upper_bound":0.10317719197137731},"point_estimate":0.05908058542258421,"standard_error":0.03302327568032375}}