{"mean":{"confidence_interval":{"confidence_level":0.95,"lower_bound":-0.09436480054774815,"upper_bound":-0.04608230462303845},"point_estimate":-0.07083558769979414,"standard_error":0.012260368072984367},"median":{"confidence_interval":{"confidence_level":0.95,"lower_bound":-0.06682828868700874,"upper_bound":-0.030395454832532587},"point_estimate":-0.04651255300643742,"standard_error":0.009046883050404398}}