{"mean":{"confidence_interval":{"confidence_level":0.95,"lower_bound":-0.10492613568459914,"upper_bound":-0.03706125220121072},"point_estimate":-0.07339410082466635,"standard_error":0.01744792597872751},"median":{"confidence_interval":{"confidence_level":0.95,"lower_bound":-0.1398544738683355,"upper_bound":-0.00019531156153362872},"point_estimate":-0.06568698640916382,"standard_error":0.03635085919759554}}