{"mean":{"confidence_interval":{"confidence_level":0.95,"lower_bound":0.09358829747470034,"upper_bound":0.1862312480882198},"point_estimate":0.1378471543407318,"standard_error":0.0237962822656947},"median":{"confidence_interval":{"confidence_level":0.95,"lower_bound":0.06837964353227721,"upper_bound":0.15378105684385712},"point_estimate":0.10684244837732115,"standard_error":0.02225054645481344}}