{"mean":{"confidence_interval":{"confidence_level":0.95,"lower_bound":-0.08493895041482903,"upper_bound":-0.036481609711615196},"point_estimate":-0.060675592072663265,"standard_error":0.012297953356120491},"median":{"confidence_interval":{"confidence_level":0.95,"lower_bound":-0.08563035475119293,"upper_bound":-0.028472311006777162},"point_estimate":-0.057964771663973624,"standard_error":0.014206845132184565}}