{"mean":{"confidence_interval":{"confidence_level":0.95,"lower_bound":-0.08408384555615471,"upper_bound":-0.005046850766007706},"point_estimate":-0.04499577417152256,"standard_error":0.020277062020469364},"median":{"confidence_interval":{"confidence_level":0.95,"lower_bound":-0.12443527889038042,"upper_bound":-0.002719577216362068},"point_estimate":-0.07564028684862756,"standard_error":0.031245626544191673}}