{"mean":{"confidence_interval":{"confidence_level":0.95,"lower_bound":-0.07734077766948633,"upper_bound":0.0033793824706661755},"point_estimate":-0.03797721019301126,"standard_error":0.020594399686535907},"median":{"confidence_interval":{"confidence_level":0.95,"lower_bound":-0.15961636555230163,"upper_bound":0.04178706912831798},"point_estimate":-0.07162330123538752,"standard_error":0.0498954756212084}}