{"mean":{"confidence_interval":{"confidence_level":0.95,"lower_bound":0.09519982978281201,"upper_bound":0.18267747508942095},"point_estimate":0.13645108668875428,"standard_error":0.022288831512737993},"median":{"confidence_interval":{"confidence_level":0.95,"lower_bound":0.07247962386198448,"upper_bound":0.1628911400601813},"point_estimate":0.11049658885997293,"standard_error":0.019896131460569254}}