{"mean":{"confidence_interval":{"confidence_level":0.95,"lower_bound":-0.058006269779919475,"upper_bound":0.035888355324163},"point_estimate":-0.011239406988135414,"standard_error":0.024087307346895896},"median":{"confidence_interval":{"confidence_level":0.95,"lower_bound":-0.07630946004517603,"upper_bound":0.002517144253725956},"point_estimate":-0.03245259024818359,"standard_error":0.01955920076392661}}