{"mean":{"confidence_interval":{"confidence_level":0.95,"lower_bound":4232402.879446428,"upper_bound":4358782.793571429},"point_estimate":4297706.640000001,"standard_error":32271.402640298198},"median":{"confidence_interval":{"confidence_level":0.95,"lower_bound":4369385.857142857,"upper_bound":4487284.071428572},"point_estimate":4453727.892857143,"standard_error":32510.32975877195},"median_abs_dev":{"confidence_interval":{"confidence_level":0.95,"lower_bound":106109.73306617596,"upper_bound":265078.5500439153},"point_estimate":148695.722910123,"standard_error":42535.091031262986},"slope":null,"std_dev":{"confidence_interval":{"confidence_level":0.95,"lower_bound":265244.08245587954,"upper_bound":378073.56940070627},"point_estimate":324478.07274087565,"standard_error":28915.218218892245}}