{"mean":{"confidence_interval":{"confidence_level":0.95,"lower_bound":-0.02675690558858514,"upper_bound":0.05569865199563485},"point_estimate":0.013862258338016797,"standard_error":0.0210314047477016},"median":{"confidence_interval":{"confidence_level":0.95,"lower_bound":-0.03253765979893308,"upper_bound":0.061062108427569504},"point_estimate":0.015414026820376181,"standard_error":0.024877278107345097}}