{"mean":{"confidence_interval":{"confidence_level":0.95,"lower_bound":0.08259720195982741,"upper_bound":0.19042883653027293},"point_estimate":0.13927749047532667,"standard_error":0.027489529838875513},"median":{"confidence_interval":{"confidence_level":0.95,"lower_bound":0.02949860853090244,"upper_bound":0.18501924741439169},"point_estimate":0.09813419926046163,"standard_error":0.0465117975108824}}