{"mean":{"confidence_interval":{"confidence_level":0.95,"lower_bound":0.13131901732172077,"upper_bound":0.2867583205592361},"point_estimate":0.2068169554959478,"standard_error":0.040030552780343426},"median":{"confidence_interval":{"confidence_level":0.95,"lower_bound":0.10042067789125064,"upper_bound":0.304444161132261},"point_estimate":0.18174418270859283,"standard_error":0.05052915753101962}}