{"mean":{"confidence_interval":{"confidence_level":0.95,"lower_bound":-0.04235289225240456,"upper_bound":0.0749913609474882},"point_estimate":0.015491132597083901,"standard_error":0.030059000034031676},"median":{"confidence_interval":{"confidence_level":0.95,"lower_bound":-0.0071920272342004266,"upper_bound":0.1388530364238629},"point_estimate":0.06709093771124919,"standard_error":0.03802322744213769}}