{"mean":{"confidence_interval":{"confidence_level":0.95,"lower_bound":0.14126597062498494,"upper_bound":0.25386714964835383},"point_estimate":0.20023701991829967,"standard_error":0.029266783307506348},"median":{"confidence_interval":{"confidence_level":0.95,"lower_bound":0.0327864602113001,"upper_bound":0.10532123421677198},"point_estimate":0.06489355096187288,"standard_error":0.01888776421719904}}