{"mean":{"confidence_interval":{"confidence_level":0.95,"lower_bound":-0.029638573692219124,"upper_bound":0.018739076162722107},"point_estimate":-0.005933569641929037,"standard_error":0.01229149889572025},"median":{"confidence_interval":{"confidence_level":0.95,"lower_bound":-0.002191873383319165,"upper_bound":0.02081806224197047},"point_estimate":0.006938463743131784,"standard_error":0.0057473057837136845}}