{"mean":{"confidence_interval":{"confidence_level":0.95,"lower_bound":313685.5778487279,"upper_bound":321981.07349860226},"point_estimate":317705.61443114385,"standard_error":2114.744576983227},"median":{"confidence_interval":{"confidence_level":0.95,"lower_bound":307401.9402173913,"upper_bound":318131.7553353659},"point_estimate":313662.5485294118,"standard_error":2364.45475758606},"median_abs_dev":{"confidence_interval":{"confidence_level":0.95,"lower_bound":13487.366464579103,"upper_bound":23862.236541360624},"point_estimate":18771.709260191474,"standard_error":2556.943047966096},"slope":{"confidence_interval":{"confidence_level":0.95,"lower_bound":310100.9997370766,"upper_bound":320030.61117231497},"point_estimate":314808.80807078467,"standard_error":2535.8477806172787},"std_dev":{"confidence_interval":{"confidence_level":0.95,"lower_bound":16989.92712541834,"upper_bound":25767.251910520434},"point_estimate":21294.256874933533,"standard_error":2258.2537920233176}}