{"mean":{"confidence_interval":{"confidence_level":0.95,"lower_bound":0.044276720862249375,"upper_bound":0.10797713458577711},"point_estimate":0.07559075696467565,"standard_error":0.01627486135538386},"median":{"confidence_interval":{"confidence_level":0.95,"lower_bound":0.08159818338026548,"upper_bound":0.14268392724888312},"point_estimate":0.11626080367638747,"standard_error":0.016024440168394015}}