{"mean":{"confidence_interval":{"confidence_level":0.95,"lower_bound":0.1323075801956034,"upper_bound":0.19062793486030033},"point_estimate":0.16167794258867274,"standard_error":0.01490932641295832},"median":{"confidence_interval":{"confidence_level":0.95,"lower_bound":0.13172257375722807,"upper_bound":0.20100499343062514},"point_estimate":0.1599674005491909,"standard_error":0.017877769647331676}}