{"mean":{"confidence_interval":{"confidence_level":0.95,"lower_bound":-0.06838873298191327,"upper_bound":-0.005302400269298771},"point_estimate":-0.03918530088306105,"standard_error":0.01616750766017115},"median":{"confidence_interval":{"confidence_level":0.95,"lower_bound":-0.10820366626219102,"upper_bound":-0.016174991831530372},"point_estimate":-0.07101709627268715,"standard_error":0.024246122924153308}}