{"mean":{"confidence_interval":{"confidence_level":0.95,"lower_bound":4513037.103711537,"upper_bound":5048331.91507692},"point_estimate":4781913.895384614,"standard_error":136698.30966807663},"median":{"confidence_interval":{"confidence_level":0.95,"lower_bound":4356796.7932692375,"upper_bound":5531576.461538462},"point_estimate":4659174.230769231,"standard_error":326916.68448778667},"median_abs_dev":{"confidence_interval":{"confidence_level":0.95,"lower_bound":1419990.518090129,"upper_bound":2098531.355213235},"point_estimate":1936949.065173819,"standard_error":175497.04153473294},"slope":null,"std_dev":{"confidence_interval":{"confidence_level":0.95,"lower_bound":1244789.4990055035,"upper_bound":1476994.8411127857},"point_estimate":1370537.0264916404,"standard_error":59202.81980785846}}