{"mean":{"confidence_interval":{"confidence_level":0.95,"lower_bound":2963130.8893269254,"upper_bound":3274991.737538462},"point_estimate":3115871.095384615,"standard_error":79506.61622545865},"median":{"confidence_interval":{"confidence_level":0.95,"lower_bound":2822623.692307692,"upper_bound":3206304.269230769},"point_estimate":2971330.961538462,"standard_error":99838.99865875374},"median_abs_dev":{"confidence_interval":{"confidence_level":0.95,"lower_bound":574791.1796031088,"upper_bound":942431.3240069613},"point_estimate":749348.3378194846,"standard_error":90016.55331777173},"slope":null,"std_dev":{"confidence_interval":{"confidence_level":0.95,"lower_bound":678280.9678064687,"upper_bound":895519.1558245497},"point_estimate":796158.4642042872,"standard_error":55657.471267575114}}