{"mean":{"confidence_interval":{"confidence_level":0.95,"lower_bound":5799430.212388889,"upper_bound":6135494.154000001},"point_estimate":5981148.82,"standard_error":86279.51280934017},"median":{"confidence_interval":{"confidence_level":0.95,"lower_bound":6165424.777777778,"upper_bound":6242678.666666666},"point_estimate":6210216.944444444,"standard_error":18349.349520574422},"median_abs_dev":{"confidence_interval":{"confidence_level":0.95,"lower_bound":103885.94488898898,"upper_bound":179332.2246578822},"point_estimate":129348.61103693652,"standard_error":19253.159676783453},"slope":null,"std_dev":{"confidence_interval":{"confidence_level":0.95,"lower_bound":519903.00507920963,"upper_bound":1135362.1291218188},"point_estimate":867213.8525007223,"standard_error":157166.83830503182}}