{"mean":{"confidence_interval":{"confidence_level":0.95,"lower_bound":-0.037617882938238145,"upper_bound":0.04243385181368336},"point_estimate":0.00006824973487984387,"standard_error":0.02062165461624754},"median":{"confidence_interval":{"confidence_level":0.95,"lower_bound":-0.010617729314981394,"upper_bound":0.036646153740872926},"point_estimate":0.010533864975116769,"standard_error":0.012073475761285358}}