{"mean":{"confidence_interval":{"confidence_level":0.95,"lower_bound":-0.1911371126242096,"upper_bound":-0.09181356369347105},"point_estimate":-0.14189531107431863,"standard_error":0.025063484129849},"median":{"confidence_interval":{"confidence_level":0.95,"lower_bound":-0.19001546777369793,"upper_bound":-0.08184448449184856},"point_estimate":-0.1411805405823089,"standard_error":0.023686062122198186}}