{"mean":{"confidence_interval":{"confidence_level":0.95,"lower_bound":0.2408968495460605,"upper_bound":0.3077815161153854},"point_estimate":0.27411330805837997,"standard_error":0.01702599339918949},"median":{"confidence_interval":{"confidence_level":0.95,"lower_bound":0.22106948034126828,"upper_bound":0.3206856143135437},"point_estimate":0.28659294029190563,"standard_error":0.0250191221492451}}