{"mean":{"confidence_interval":{"confidence_level":0.95,"lower_bound":-0.0020786046056666275,"upper_bound":0.07409290830620252},"point_estimate":0.035363122886460596,"standard_error":0.019381175716976267},"median":{"confidence_interval":{"confidence_level":0.95,"lower_bound":0.0010728833775579538,"upper_bound":0.1294077644415459},"point_estimate":0.06448253552854077,"standard_error":0.03165765717007004}}