{"mean":{"confidence_interval":{"confidence_level":0.95,"lower_bound":0.20837845999623533,"upper_bound":0.31813630949194116},"point_estimate":0.2588671089755161,"standard_error":0.02755389682833502},"median":{"confidence_interval":{"confidence_level":0.95,"lower_bound":0.2613207907700634,"upper_bound":0.45024457033317655},"point_estimate":0.3503939538837002,"standard_error":0.05659841680656471}}