{"mean":{"confidence_interval":{"confidence_level":0.95,"lower_bound":0.06910164372710946,"upper_bound":0.14792217728799312},"point_estimate":0.10819405499375612,"standard_error":0.019825019174785744},"median":{"confidence_interval":{"confidence_level":0.95,"lower_bound":0.006184647595795845,"upper_bound":0.09158616377639595},"point_estimate":0.022698470927950076,"standard_error":0.02585467219913782}}