{"mean":{"confidence_interval":{"confidence_level":0.95,"lower_bound":-0.1332183274235214,"upper_bound":-0.08989994039036064},"point_estimate":-0.11199415380601829,"standard_error":0.011100702766035428},"median":{"confidence_interval":{"confidence_level":0.95,"lower_bound":-0.15837494916215844,"upper_bound":-0.1017956249622788},"point_estimate":-0.12912290328884346,"standard_error":0.015264521017193233}}