{"mean":{"confidence_interval":{"confidence_level":0.95,"lower_bound":0.0023652659446165105,"upper_bound":0.058038348369212595},"point_estimate":0.029234728986480496,"standard_error":0.01427084671220023},"median":{"confidence_interval":{"confidence_level":0.95,"lower_bound":-0.0014905524146098248,"upper_bound":0.06800983017266793},"point_estimate":0.028749958129468123,"standard_error":0.018015902827635467}}