{"mean":{"confidence_interval":{"confidence_level":0.95,"lower_bound":-0.012005996998693725,"upper_bound":0.1348598143313058},"point_estimate":0.06001159722378002,"standard_error":0.037835238599986554},"median":{"confidence_interval":{"confidence_level":0.95,"lower_bound":0.00843181502796364,"upper_bound":0.17259191018629738},"point_estimate":0.07363889056492257,"standard_error":0.039575358959153956}}