{"mean":{"confidence_interval":{"confidence_level":0.95,"lower_bound":3901401.387942307,"upper_bound":4272622.271269229},"point_estimate":4087686.3323076917,"standard_error":94843.85643978248},"median":{"confidence_interval":{"confidence_level":0.95,"lower_bound":3818697.4615384615,"upper_bound":4537555.538461538},"point_estimate":4224660.26923077,"standard_error":186148.5828225719},"median_abs_dev":{"confidence_interval":{"confidence_level":0.95,"lower_bound":842087.5322114968,"upper_bound":1359895.209918572},"point_estimate":1097638.2716437937,"standard_error":141983.3398221286},"slope":null,"std_dev":{"confidence_interval":{"confidence_level":0.95,"lower_bound":847544.389344619,"upper_bound":1040652.2578136751},"point_estimate":952050.3464944008,"standard_error":49256.546801929726}}