{"mean":{"confidence_interval":{"confidence_level":0.95,"lower_bound":4272653.284083333,"upper_bound":4764402.277527778},"point_estimate":4517201.01888889,"standard_error":125442.47520046135},"median":{"confidence_interval":{"confidence_level":0.95,"lower_bound":4203073.888888889,"upper_bound":4621466.611111112},"point_estimate":4366484.333333334,"standard_error":121576.43080247918},"median_abs_dev":{"confidence_interval":{"confidence_level":0.95,"lower_bound":972170.4547405243,"upper_bound":1743423.2441147163},"point_estimate":1438337.3632977416,"standard_error":198616.295144179},"slope":null,"std_dev":{"confidence_interval":{"confidence_level":0.95,"lower_bound":1109590.4304498588,"upper_bound":1397690.1003493054},"point_estimate":1263066.386522183,"standard_error":73333.2650293776}}