{"mean":{"confidence_interval":{"confidence_level":0.95,"lower_bound":-0.18067627937712696,"upper_bound":-0.0723257596519137},"point_estimate":-0.12872774186685354,"standard_error":0.027528495303132235},"median":{"confidence_interval":{"confidence_level":0.95,"lower_bound":-0.2600690652460498,"upper_bound":-0.09239921091315514},"point_estimate":-0.17733146994196447,"standard_error":0.04387206265352177}}