{"mean":{"confidence_interval":{"confidence_level":0.95,"lower_bound":-0.09940241589823914,"upper_bound":0.023663151011395704},"point_estimate":-0.03974217334296526,"standard_error":0.031353452338088936},"median":{"confidence_interval":{"confidence_level":0.95,"lower_bound":-0.10597968081207276,"upper_bound":0.09754517431755927},"point_estimate":-0.021837916265951884,"standard_error":0.053662797303988666}}