{"mean":{"confidence_interval":{"confidence_level":0.95,"lower_bound":15941888.86408333,"upper_bound":17169235.493499998},"point_estimate":16580385.93333333,"standard_error":313413.60203710414},"median":{"confidence_interval":{"confidence_level":0.95,"lower_bound":16802103.666666664,"upper_bound":18053627.333333332},"point_estimate":17611488.833333332,"standard_error":326950.61782696785},"median_abs_dev":{"confidence_interval":{"confidence_level":0.95,"lower_bound":1605630.338726858,"upper_bound":3044534.0449187127},"point_estimate":2220138.8514846554,"standard_error":357028.29286575934},"slope":null,"std_dev":{"confidence_interval":{"confidence_level":0.95,"lower_bound":2481637.585487789,"upper_bound":3723997.589260714},"point_estimate":3144778.031409377,"standard_error":317384.5806693154}}