{"mean":{"confidence_interval":{"confidence_level":0.95,"lower_bound":16175945.304749997,"upper_bound":17290519.516500007},"point_estimate":16747669.126666667,"standard_error":284214.8277576063},"median":{"confidence_interval":{"confidence_level":0.95,"lower_bound":16556943.666666666,"upper_bound":17932461.333333332},"point_estimate":17075856.0,"standard_error":370739.3218538524},"median_abs_dev":{"confidence_interval":{"confidence_level":0.95,"lower_bound":1904314.6637916584,"upper_bound":3079193.3528333902},"point_estimate":2527029.6330362563,"standard_error":298618.92299310263},"slope":null,"std_dev":{"confidence_interval":{"confidence_level":0.95,"lower_bound":2333860.5260579586,"upper_bound":3335658.7043323084},"point_estimate":2861784.480343878,"standard_error":255791.377260299}}