{"mean":{"confidence_interval":{"confidence_level":0.95,"lower_bound":0.08599570565258775,"upper_bound":0.20565523575156894},"point_estimate":0.14317077847612936,"standard_error":0.03132973913993206},"median":{"confidence_interval":{"confidence_level":0.95,"lower_bound":0.0648451090496362,"upper_bound":0.13822355150758692},"point_estimate":0.09204167480744463,"standard_error":0.019293733320590634}}