{"mean":{"confidence_interval":{"confidence_level":0.95,"lower_bound":0.025233604232961896,"upper_bound":0.09845759481182516},"point_estimate":0.05989280799004515,"standard_error":0.01870964507690278},"median":{"confidence_interval":{"confidence_level":0.95,"lower_bound":0.009513974881612867,"upper_bound":0.02881553396244807},"point_estimate":0.02028004199896749,"standard_error":0.004515375238291059}}