{"mean":{"confidence_interval":{"confidence_level":0.95,"lower_bound":1300554.6411033904,"upper_bound":1391131.2023067176},"point_estimate":1343920.016539583,"standard_error":23145.705961639},"median":{"confidence_interval":{"confidence_level":0.95,"lower_bound":1229312.7581679074,"upper_bound":1330262.6666666667},"point_estimate":1272102.0981449527,"standard_error":23511.97840063418},"median_abs_dev":{"confidence_interval":{"confidence_level":0.95,"lower_bound":116747.02569356159,"upper_bound":229524.7490976373},"point_estimate":167492.14126644377,"standard_error":27800.496326992456},"slope":{"confidence_interval":{"confidence_level":0.95,"lower_bound":1306056.165418467,"upper_bound":1424499.6382016973},"point_estimate":1360522.8690113788,"standard_error":30387.91353848993},"std_dev":{"confidence_interval":{"confidence_level":0.95,"lower_bound":177283.56538766314,"upper_bound":278557.76346991316},"point_estimate":231504.42458949404,"standard_error":25937.441149821807}}