{"mean":{"confidence_interval":{"confidence_level":0.95,"lower_bound":-0.04444906673822665,"upper_bound":0.020863960316170316},"point_estimate":-0.013161181783445164,"standard_error":0.01672740832027187},"median":{"confidence_interval":{"confidence_level":0.95,"lower_bound":-0.02483140202834,"upper_bound":0.016166338092186816},"point_estimate":-0.0010343748830711208,"standard_error":0.010080614533726096}}